route,n,distance,duration,delay_rate
ABE_ATL,17,692.0,134.0,0.11764705882352941
ABE_CLT,22,481.0,125.5,0.09090909090909091
ABE_DTW,9,425.0,118.0,0.0
ABE_FLL,1,1041.0,163.0,0.0
ABE_MYR,1,518.0,95.0,0.0
ABE_ORD,14,654.0,140.5,0.21428571428571427
ABE_PGD,5,1018.0,162.0,0.2
ABE_PIE,7,970.0,156.0,0.0
ABE_SAV,1,669.0,117.0,0.0
ABE_SFB,6,882.0,147.5,0.5
ABI_DFW,32,158.0,60.0,0.15625
ABI_IAH,1,307.0,90.0,0.0
ABQ_ATL,15,1269.0,179.0,0.06666666666666667
ABQ_AUS,10,619.0,102.5,0.0
ABQ_BUR,2,672.0,120.0,0.5
ABQ_BWI,2,1670.0,225.0,0.0
ABQ_DAL,16,580.0,100.0,0.375
ABQ_DEN,31,349.0,84.0,0.16129032258064516
ABQ_DFW,42,569.0,108.0,0.09523809523809523
ABQ_HOU,12,759.0,122.5,0.08333333333333333
ABQ_IAH,15,744.0,131.0,0.2
ABQ_JFK,3,1826.0,253.0,0.3333333333333333
ABQ_LAS,21,486.0,95.0,0.23809523809523808
ABQ_LAX,30,677.0,127.5,0.1
ABQ_MDW,9,1121.0,160.0,0.1111111111111111
ABQ_OAK,4,889.0,145.0,0.25
ABQ_ORD,10,1118.0,174.5,0.1
ABQ_PDX,2,1111.0,177.5,0.0
ABQ_PHX,35,328.0,80.0,0.14285714285714285
ABQ_SAN,5,628.0,105.0,0.4
ABQ_SEA,6,1180.0,195.0,0.16666666666666666
ABQ_SFO,9,896.0,160.0,0.0
ABQ_SLC,16,493.0,105.0,0.125
ABR_MSP,13,257.0,75.0,0.07692307692307693
ABY_ATL,20,145.0,62.0,0.05
ACK_BOS,3,91.0,50.0,0.3333333333333333
ACK_DCA,2,405.0,100.5,0.0
ACK_JFK,4,199.0,71.5,0.0
ACK_LGA,10,202.0,76.5,0.3
ACT_DFW,21,89.0,54.0,0.047619047619047616
ACV_DEN,3,1026.0,156.0,0.0
ACV_LAX,12,577.0,113.0,0.16666666666666666
ACV_PHX,2,845.0,144.5,0.5
ACV_SFO,11,250.0,72.0,0.0
ACY_ATL,1,679.0,125.0,0.0
ACY_FLL,9,977.0,164.0,0.0
ACY_MCO,6,852.0,149.0,0.16666666666666666
ACY_MIA,1,998.0,171.0,0.0
ACY_MYR,4,466.0,92.5,0.0
ACY_PBI,5,936.0,149.0,0.2
ACY_RSW,7,982.0,168.0,0.2857142857142857
ACY_TPA,3,913.0,161.0,0.0
ADK_CDB,2,616.0,97.5,0.5
ADQ_ANC,12,253.0,54.0,0.16666666666666666
AEX_ATL,10,500.0,105.5,0.1
AEX_CLT,1,722.0,128.0,0.0
AEX_DFW,14,285.0,81.0,0.21428571428571427
AEX_IAH,1,190.0,83.0,0.0
AGS_ATL,31,143.0,65.0,0.06451612903225806
AGS_CLT,12,140.0,59.5,0.16666666666666666
AGS_DCA,8,468.0,100.0,0.375
AGS_DFW,1,874.0,159.0,0.0
AKN_ANC,5,288.0,61.0,0.0
AKN_DLG,1,71.0,37.0,1.0
ALB_ATL,14,853.0,157.5,0.21428571428571427
ALB_BWI,30,289.0,80.0,0.03333333333333333
ALB_CLT,16,646.0,132.0,0.125
ALB_DCA,21,318.0,91.0,0.2857142857142857
ALB_DTW,17,489.0,114.0,0.058823529411764705
ALB_EWR,5,143.0,77.0,0.0
ALB_FLL,6,1204.0,193.5,0.16666666666666666
ALB_LGA,5,136.0,60.0,0.2
ALB_MCO,15,1073.0,182.0,0.2
ALB_MDW,13,717.0,135.0,0.07692307692307693
ALB_MYR,1,685.0,119.0,1.0
ALB_ORD,13,723.0,153.0,0.15384615384615385
ALB_PGD,1,1185.0,184.0,1.0
ALB_PHL,1,212.0,91.0,0.0
ALB_PIE,1,1138.0,193.0,0.0
ALB_SFB,1,1049.0,176.0,0.0
ALB_TPA,4,1130.0,190.0,0.0
ALO_ORD,9,234.0,76.0,0.1111111111111111
ALS_DEN,2,179.0,78.0,0.5
ALW_SEA,4,213.0,64.0,0.0
AMA_AUS,1,418.0,75.0,0.0
AMA_DAL,15,323.0,75.0,0.06666666666666667
AMA_DEN,3,359.0,87.0,0.3333333333333333
AMA_DFW,32,312.0,78.0,0.25
AMA_IAH,6,517.0,107.0,0.16666666666666666
AMA_LAS,8,758.0,135.0,0.125
ANC_ADQ,11,253.0,59.0,0.09090909090909091
ANC_AKN,6,288.0,68.0,0.0
ANC_BET,10,399.0,79.0,0.4
ANC_BRW,3,725.0,112.0,0.0
ANC_CDB,2,620.0,96.0,0.0
ANC_CDV,6,160.0,52.5,0.16666666666666666
ANC_DEN,15,2405.0,314.0,0.13333333333333333
ANC_DFW,4,3043.0,383.0,0.25
ANC_DLG,1,329.0,75.0,0.0
ANC_EWR,1,3370.0,410.0,0.0
ANC_FAI,31,261.0,60.0,0.06451612903225806
ANC_HNL,6,2777.0,380.0,0.3333333333333333
ANC_IAH,1,3266.0,386.0,0.0
ANC_JNU,14,571.0,96.5,0.14285714285714285
ANC_LAS,1,2304.0,305.0,0.0
ANC_LAX,11,2345.0,317.0,0.09090909090909091
ANC_MSP,9,2519.0,316.0,0.0
ANC_OGG,2,2797.0,377.0,0.5
ANC_OME,7,539.0,94.0,0.14285714285714285
ANC_ORD,5,2846.0,375.0,0.2
ANC_OTZ,5,548.0,95.0,0.2
ANC_PDX,14,1542.0,215.0,0.21428571428571427
ANC_PHX,6,2552.0,327.0,0.0
ANC_SCC,10,626.0,102.5,0.0
ANC_SEA,96,1448.0,208.0,0.13541666666666666
ANC_SFO,3,2018.0,280.0,0.0
ANC_SLC,1,2125.0,280.0,0.0
APN_DTW,6,198.0,68.0,0.0
APN_PLN,1,69.0,44.0,0.0
ART_PHL,2,287.0,88.0,0.5
ASE_ATL,2,1304.0,195.5,0.0
ASE_DEN,26,125.0,64.5,0.2692307692307692
ASE_DFW,14,701.0,132.0,0.42857142857142855
ASE_IAH,9,913.0,160.0,0.5555555555555556
ASE_LAX,9,737.0,142.0,0.3333333333333333
ASE_ORD,8,1013.0,173.0,0.25
ASE_PHX,3,491.0,118.0,0.0
ASE_SFO,5,848.0,154.0,0.2
ASE_SLC,2,292.0,79.5,0.0
ATL_ABE,15,692.0,121.0,0.06666666666666667
ATL_ABQ,11,1269.0,199.0,0.18181818181818182
ATL_ABY,17,145.0,55.0,0.11764705882352941
ATL_AEX,16,500.0,108.0,0.125
ATL_AGS,41,143.0,56.0,0.024390243902439025
ATL_ALB,15,853.0,134.0,0.06666666666666667
ATL_ANC,2,3417.0,447.0,0.5
ATL_ASE,1,1304.0,235.0,1.0
ATL_ATW,10,765.0,132.5,0.1
ATL_AUS,57,813.0,147.0,0.15789473684210525
ATL_AVL,31,164.0,57.0,0.16129032258064516
ATL_BDL,29,859.0,137.0,0.1724137931034483
ATL_BHM,43,134.0,51.0,0.11627906976744186
ATL_BMI,13,533.0,105.0,0.3076923076923077
ATL_BNA,67,214.0,66.0,0.19402985074626866
ATL_BOI,4,1838.0,263.0,0.0
ATL_BOS,74,946.0,154.0,0.21621621621621623
ATL_BQK,9,238.0,71.0,0.1111111111111111
ATL_BTR,27,448.0,95.0,0.0
ATL_BTV,6,961.0,151.0,0.0
ATL_BUF,22,712.0,120.5,0.045454545454545456
ATL_BUR,1,1941.0,282.0,0.0
ATL_BWI,65,577.0,108.0,0.15384615384615385
ATL_BZN,2,1640.0,250.5,0.0
ATL_CAE,30,192.0,59.5,0.03333333333333333
ATL_CAK,7,528.0,101.0,0.0
ATL_CHA,50,106.0,51.0,0.1
ATL_CHO,15,457.0,93.0,0.0
ATL_CHS,39,259.0,69.0,0.10256410256410256
ATL_CID,9,694.0,126.0,0.1111111111111111
ATL_CLE,44,554.0,104.5,0.18181818181818182
ATL_CLT,79,226.0,78.0,0.189873417721519
ATL_CMH,42,447.0,91.0,0.047619047619047616
ATL_COS,2,1184.0,204.5,0.0
ATL_CRW,19,363.0,83.0,0.10526315789473684
ATL_CSG,13,83.0,47.0,0.07692307692307693
ATL_CVG,27,373.0,84.0,0.1111111111111111
ATL_DAB,21,366.0,79.0,0.09523809523809523
ATL_DAL,46,721.0,136.0,0.15217391304347827
ATL_DAY,20,432.0,90.0,0.0
ATL_DCA,92,547.0,105.5,0.16304347826086957
ATL_DEN,82,1199.0,199.0,0.18292682926829268
ATL_DFW,103,731.0,143.0,0.1941747572815534
ATL_DHN,15,170.0,62.0,0.0
ATL_DSM,16,743.0,136.5,0.1875
ATL_DTW,75,594.0,116.0,0.21333333333333335
ATL_ECP,30,240.0,65.5,0.2
ATL_EGE,1,1312.0,217.0,0.0
ATL_ELP,12,1282.0,186.0,0.08333333333333333
ATL_EVV,20,350.0,84.0,0.0
ATL_EWN,4,433.0,85.0,0.5
ATL_EWR,70,746.0,134.0,0.35714285714285715
ATL_EYW,23,646.0,108.0,0.17391304347826086
ATL_FAY,25,331.0,78.0,0.16
ATL_FLL,118,581.0,113.5,0.19491525423728814
ATL_FNT,6,645.0,118.5,0.0
ATL_FSD,3,954.0,156.0,0.3333333333333333
ATL_FSM,3,579.0,105.0,0.0
ATL_FWA,15,508.0,106.0,0.2
ATL_GEG,4,1969.0,283.0,0.75
ATL_GNV,32,300.0,74.0,0.125
ATL_GPT,19,352.0,84.0,0.2631578947368421
ATL_GRB,7,774.0,134.0,0.0
ATL_GRR,20,640.0,111.5,0.05
ATL_GSO,31,306.0,73.0,0.03225806451612903
ATL_GSP,45,153.0,55.0,0.06666666666666667
ATL_GTR,17,241.0,73.0,0.11764705882352941
ATL_HHH,8,238.0,75.0,0.125
ATL_HNL,7,4502.0,583.0,0.0
ATL_HOU,48,696.0,130.0,0.125
ATL_HPN,29,780.0,140.0,0.06896551724137931
ATL_HSV,31,151.0,56.0,0.1935483870967742
ATL_IAD,77,534.0,105.0,0.05194805194805195
ATL_IAH,70,689.0,137.0,0.1
ATL_ICT,17,782.0,132.0,0.058823529411764705
ATL_ILM,21,377.0,82.0,0.09523809523809523
ATL_IND,58,432.0,90.0,0.20689655172413793
ATL_ISP,3,795.0,142.0,0.0
ATL_JAC,3,1572.0,247.0,0.3333333333333333
ATL_JAN,38,341.0,80.0,0.07894736842105263
ATL_JAX,63,270.0,70.0,0.14285714285714285
ATL_JFK,46,760.0,137.0,0.391304347826087
ATL_LAS,63,1747.0,265.0,0.2857142857142857
ATL_LAX,74,1947.0,290.5,0.1891891891891892
ATL_LEX,40,304.0,73.0,0.15
ATL_LFT,18,503.0,105.5,0.05555555555555555
ATL_LGA,119,762.0,134.0,0.15126050420168066
ATL_LIT,38,453.0,94.0,0.07894736842105263
ATL_LNK,1,841.0,155.0,0.0
ATL_MCI,58,692.0,130.0,0.1206896551724138
ATL_MCO,126,404.0,90.0,0.1984126984126984
ATL_MDT,9,620.0,111.0,0.0
ATL_MDW,55,591.0,115.0,0.2545454545454545
ATL_MEM,51,332.0,82.0,0.11764705882352941
ATL_MGM,24,147.0,59.5,0.125
ATL_MIA,95,594.0,115.0,0.15789473684210525
ATL_MKE,31,669.0,121.0,0.12903225806451613
ATL_MLB,21,442.0,88.0,0.09523809523809523
ATL_MLI,18,633.0,121.0,0.16666666666666666
ATL_MLU,16,448.0,97.0,0.0625
ATL_MOB,22,302.0,81.0,0.045454545454545456
ATL_MSN,14,707.0,125.5,0.14285714285714285
ATL_MSP,75,907.0,157.0,0.10666666666666667
ATL_MSY,57,425.0,95.0,0.15789473684210525
ATL_MTJ,1,1352.0,229.0,0.0
ATL_MYR,26,317.0,72.5,0.07692307692307693
ATL_OAJ,22,399.0,85.0,0.045454545454545456
ATL_OAK,3,2130.0,325.0,0.0
ATL_OGG,1,4431.0,605.0,1.0
ATL_OKC,21,761.0,135.0,0.047619047619047616
ATL_OMA,27,821.0,145.0,0.1111111111111111
ATL_ONT,12,1900.0,279.0,0.08333333333333333
ATL_ORD,103,606.0,130.0,0.1941747572815534
ATL_ORF,36,516.0,95.0,0.1388888888888889
ATL_PBI,50,545.0,107.0,0.2
ATL_PDX,21,2172.0,321.0,0.09523809523809523
ATL_PHF,6,508.0,102.0,0.5
ATL_PHL,81,666.0,122.0,0.14814814814814814
ATL_PHX,50,1587.0,250.0,0.12
ATL_PIA,1,565.0,117.0,1.0
ATL_PIT,46,526.0,98.5,0.043478260869565216
ATL_PNS,43,271.0,72.0,0.11627906976744186
ATL_PSP,3,1840.0,281.0,0.6666666666666666
ATL_PVD,15,903.0,144.0,0.2
ATL_PWM,5,1027.0,150.0,0.4
ATL_RAP,1,1230.0,198.0,0.0
ATL_RDU,41,356.0,82.0,0.17073170731707318
ATL_RIC,61,481.0,92.0,0.13114754098360656
ATL_RNO,2,1993.0,304.5,0.0
ATL_ROA,15,357.0,84.0,0.06666666666666667
ATL_ROC,12,749.0,124.0,0.16666666666666666
ATL_RST,2,831.0,148.0,0.0
ATL_RSW,52,515.0,100.0,0.11538461538461539
ATL_SAN,30,1892.0,288.5,0.13333333333333333
ATL_SAT,33,874.0,147.0,0.12121212121212122
ATL_SAV,36,214.0,64.0,0.16666666666666666
ATL_SBN,20,566.0,111.5,0.1
ATL_SDF,41,321.0,80.0,0.12195121951219512
ATL_SEA,43,2182.0,330.0,0.11627906976744186
ATL_SFO,39,2139.0,316.0,0.1794871794871795
ATL_SGF,16,563.0,110.5,0.125
ATL_SHV,27,551.0,114.0,0.1111111111111111
ATL_SJC,11,2116.0,306.0,0.09090909090909091
ATL_SJU,20,1547.0,212.5,0.3
ATL_SLC,39,1590.0,246.0,0.10256410256410256
ATL_SMF,10,2092.0,314.0,0.1
ATL_SNA,10,1919.0,291.5,0.2
ATL_SRQ,36,444.0,90.0,0.19444444444444445
ATL_STL,41,484.0,100.0,0.21951219512195122
ATL_STT,11,1599.0,212.0,0.09090909090909091
ATL_SYR,17,794.0,129.0,0.11764705882352941
ATL_TLH,36,223.0,63.0,0.1111111111111111
ATL_TPA,109,406.0,86.0,0.1834862385321101
ATL_TRI,23,227.0,68.0,0.043478260869565216
ATL_TTN,1,701.0,123.0,1.0
ATL_TUL,17,674.0,121.0,0.11764705882352941
ATL_TUS,10,1541.0,226.0,0.2
ATL_TYS,32,152.0,55.0,0.1875
ATL_VLD,19,208.0,64.0,0.3157894736842105
ATL_VPS,28,250.0,71.0,0.07142857142857142
ATL_XNA,14,589.0,116.0,0.14285714285714285
ATW_ATL,4,765.0,136.5,0.0
ATW_AZA,3,1452.0,217.0,0.0
ATW_BNA,1,570.0,101.0,1.0
ATW_CLT,1,742.0,146.0,0.0
ATW_DEN,2,883.0,170.0,0.5
ATW_DTW,9,296.0,82.0,0.5555555555555556
ATW_LAS,2,1510.0,226.0,0.0
ATW_MSP,15,236.0,76.0,0.13333333333333333
ATW_ORD,17,161.0,70.0,0.23529411764705882
ATW_PGD,3,1250.0,179.0,0.6666666666666666
ATW_PIE,3,1173.0,170.0,0.6666666666666666
ATW_SFB,5,1141.0,164.0,0.0
ATY_DEN,4,519.0,114.0,0.0
ATY_ORD,1,507.0,103.0,0.0
AUS_ABQ,14,619.0,113.0,0.2857142857142857
AUS_ATL,56,813.0,132.0,0.05357142857142857
AUS_AVL,1,950.0,139.0,0.0
AUS_BNA,17,756.0,120.0,0.17647058823529413
AUS_BOI,2,1375.0,212.0,0.0
AUS_BOS,31,1698.0,234.0,0.25806451612903225
AUS_BUR,2,1241.0,185.0,0.0
AUS_BWI,15,1342.0,190.0,0.26666666666666666
AUS_BZN,2,1299.0,205.0,0.5
AUS_CLE,1,1174.0,173.0,0.0
AUS_CLT,33,1032.0,165.0,0.24242424242424243
AUS_CVG,7,958.0,152.0,0.0
AUS_DAL,42,189.0,60.0,0.16666666666666666
AUS_DCA,6,1315.0,187.5,0.0
AUS_DEN,82,775.0,135.0,0.10975609756097561
AUS_DFW,59,190.0,70.0,0.1864406779661017
AUS_DSM,1,813.0,132.0,0.0
AUS_DTW,22,1149.0,171.0,0.09090909090909091
AUS_ECP,1,710.0,115.0,0.0
AUS_ELP,18,528.0,100.0,0.2777777777777778
AUS_EWR,30,1504.0,218.5,0.16666666666666666
AUS_FLL,17,1105.0,155.0,0.11764705882352941
AUS_FSD,2,925.0,143.5,0.0
AUS_GRR,1,1103.0,157.0,1.0
AUS_HNL,3,3764.0,500.0,0.6666666666666666
AUS_HOU,21,148.0,60.0,0.19047619047619047
AUS_HRL,4,273.0,65.0,0.25
AUS_IAD,14,1297.0,195.0,0.21428571428571427
AUS_IAH,39,140.0,62.0,0.2564102564102564
AUS_IND,12,919.0,140.0,0.08333333333333333
AUS_JFK,21,1521.0,222.0,0.19047619047619047
AUS_LAS,37,1090.0,174.0,0.21621621621621623
AUS_LAX,59,1242.0,202.0,0.15254237288135594
AUS_LGB,7,1226.0,177.0,0.2857142857142857
AUS_MAF,1,294.0,65.0,0.0
AUS_MCI,9,650.0,110.0,0.1111111111111111
AUS_MCO,28,994.0,155.0,0.17857142857142858
AUS_MDW,16,972.0,150.0,0.375
AUS_MEM,1,559.0,101.0,0.0
AUS_MIA,19,1103.0,165.0,0.2631578947368421
AUS_MSP,15,1042.0,162.0,0.06666666666666667
AUS_MSY,21,444.0,80.0,0.19047619047619047
AUS_OAK,7,1497.0,225.0,0.42857142857142855
AUS_OKC,3,358.0,79.0,0.0
AUS_ONT,1,1196.0,200.0,0.0
AUS_ORD,54,977.0,164.0,0.25925925925925924
AUS_PDX,7,1715.0,257.0,0.2857142857142857
AUS_PHL,9,1430.0,214.0,0.2222222222222222
AUS_PHX,35,872.0,153.0,0.14285714285714285
AUS_PSP,2,1132.0,190.5,0.0
AUS_RDU,13,1162.0,173.0,0.15384615384615385
AUS_RNO,5,1405.0,226.0,0.6
AUS_SAN,16,1164.0,185.0,0.125
AUS_SEA,28,1770.0,277.5,0.14285714285714285
AUS_SFO,35,1504.0,234.0,0.11428571428571428
AUS_SJC,19,1476.0,230.0,0.10526315789473684
AUS_SLC,18,1086.0,177.0,0.05555555555555555
AUS_SMF,8,1481.0,222.5,0.5
AUS_SNA,7,1209.0,195.0,0.14285714285714285
AUS_SRQ,1,936.0,140.0,0.0
AUS_STL,18,721.0,122.5,0.2777777777777778
AUS_TPA,10,928.0,137.5,0.2
AUS_TUL,4,426.0,84.5,0.0
AUS_TYS,1,882.0,124.0,0.0
AUS_VPS,2,666.0,112.5,0.0
AVL_ATL,26,164.0,65.5,0.07692307692307693
AVL_AUS,3,950.0,152.0,0.3333333333333333
AVL_BWI,1,414.0,89.0,0.0
AVL_CLT,28,91.0,68.0,0.07142857142857142
AVL_DCA,1,384.0,101.0,1.0
AVL_DEN,3,1248.0,196.0,0.3333333333333333
AVL_DFW,6,848.0,170.0,0.3333333333333333
AVL_EWR,4,583.0,122.5,0.25
AVL_FLL,11,660.0,116.0,0.36363636363636365
AVL_LGA,1,599.0,117.0,1.0
AVL_MDW,1,521.0,100.0,0.0
AVL_MIA,1,677.0,131.0,0.0
AVL_MSP,1,861.0,163.0,1.0
AVL_ORD,11,536.0,127.0,0.2727272727272727
AVL_PBI,1,620.0,105.0,0.0
AVL_PGD,2,588.0,107.0,0.0
AVL_PIE,4,519.0,95.0,0.5
AVL_SFB,5,465.0,87.0,0.2
AVL_SRQ,1,554.0,101.0,0.0
AVP_ATL,2,714.0,142.5,0.0
AVP_CLT,12,509.0,127.0,0.0
AVP_DTW,4,399.0,108.5,0.0
AVP_ORD,10,632.0,140.5,0.3
AZA_ATW,1,1452.0,198.0,0.0
AZA_BIL,1,878.0,136.0,0.0
AZA_BIS,10,1092.0,155.5,0.2
AZA_BLI,3,1208.0,180.0,0.3333333333333333
AZA_BLV,1,1272.0,165.0,1.0
AZA_BOI,5,749.0,125.0,0.2
AZA_BZN,2,861.0,137.0,0.5
AZA_CID,2,1240.0,170.5,0.0
AZA_CVG,7,1553.0,209.0,0.0
AZA_DSM,4,1137.0,155.0,0.25
AZA_EUG,1,971.0,137.0,1.0
AZA_FAR,3,1220.0,171.0,0.3333333333333333
AZA_FNT,1,1650.0,230.0,1.0
AZA_FSD,5,1072.0,152.0,0.2
AZA_GEG,3,1034.0,153.0,0.6666666666666666
AZA_GFK,2,1260.0,175.0,0.5
AZA_GTF,1,978.0,151.0,1.0
AZA_HOU,2,998.0,142.0,0.0
AZA_IDA,6,704.0,117.0,0.6666666666666666
AZA_LAS,2,276.0,65.5,0.0
AZA_MOT,2,1164.0,167.5,0.0
AZA_MSO,2,948.0,147.5,0.5
AZA_MSP,1,1267.0,187.0,0.0
AZA_OGD,2,544.0,98.5,0.0
AZA_OMA,2,1026.0,150.0,0.0
AZA_PIA,4,1312.0,173.5,0.0
AZA_PSC,3,977.0,154.0,0.6666666666666666
AZA_PVU,10,477.0,89.5,0.0
AZA_RAP,3,873.0,132.0,0.6666666666666666
AZA_RFD,2,1373.0,176.0,0.0
AZA_SBN,1,1501.0,188.0,0.0
AZA_SMX,1,516.0,96.0,0.0
AZA_SPI,1,1299.0,183.0,1.0
AZA_STC,3,1259.0,178.0,0.3333333333333333
AZA_TOL,1,1625.0,219.0,0.0
AZA_XNA,1,1006.0,140.0,0.0
AZO_DTW,15,113.0,57.0,0.2
AZO_MSP,5,426.0,97.0,0.0
AZO_ORD,13,122.0,68.0,0.15384615384615385
BDL_ATL,24,859.0,155.0,0.125
BDL_BNA,5,852.0,155.0,0.2
BDL_BWI,19,283.0,75.0,0.05263157894736842
BDL_CLE,1,476.0,128.0,0.0
BDL_CLT,31,644.0,134.0,0.0967741935483871
BDL_DCA,18,313.0,89.0,0.16666666666666666
BDL_DEN,7,1671.0,272.0,0.14285714285714285
BDL_DFW,6,1471.0,243.0,0.0
BDL_DTW,14,549.0,118.5,0.0
BDL_FLL,14,1173.0,190.0,0.2857142857142857
BDL_IAD,9,326.0,86.0,0.1111111111111111
BDL_IAH,4,1507.0,255.5,0.0
BDL_LAS,4,2297.0,338.0,0.5
BDL_LAX,1,2527.0,372.0,0.0
BDL_LGA,4,101.0,62.5,0.0
BDL_MCO,34,1050.0,174.0,0.3235294117647059
BDL_MDW,11,777.0,145.0,0.18181818181818182
BDL_MIA,8,1194.0,193.5,0.0
BDL_MSP,15,1050.0,179.0,0.13333333333333333
BDL_MYR,5,664.0,119.0,0.0
BDL_ORD,27,783.0,163.0,0.25925925925925924
BDL_PBI,3,1133.0,188.0,0.3333333333333333
BDL_PHL,12,196.0,80.0,0.25
BDL_RDU,1,532.0,117.0,0.0
BDL_RSW,7,1180.0,200.0,0.2857142857142857
BDL_SFO,1,2625.0,395.0,0.0
BDL_SJU,11,1666.0,230.0,0.5454545454545454
BDL_TPA,14,1111.0,183.0,0.21428571428571427
BET_ANC,9,399.0,70.0,0.3333333333333333
BFF_DEN,10,150.0,61.5,0.4
BFL_DEN,11,845.0,152.0,0.09090909090909091
BFL_DFW,11,1271.0,187.0,0.18181818181818182
BFL_PHX,15,425.0,95.0,0.2
BFL_SFO,9,238.0,69.0,0.0
BGM_DTW,13,378.0,95.0,0.0
BGM_LGA,1,147.0,58.0,0.0
BGR_CLT,8,921.0,170.5,0.125
BGR_DCA,15,590.0,127.0,0.13333333333333333
BGR_DTW,1,750.0,132.0,1.0
BGR_EWR,3,393.0,130.0,0.0
BGR_FLL,1,1438.0,219.0,0.0
BGR_JFK,4,382.0,96.0,0.0
BGR_LGA,13,378.0,104.0,0.07692307692307693
BGR_ORD,4,978.0,181.5,0.25
BGR_PHL,4,473.0,107.5,0.0
BGR_SFB,4,1299.0,201.0,0.25
BHM_ATL,50,134.0,65.0,0.1
BHM_BWI,1,682.0,120.0,0.0
BHM_CLT,26,350.0,94.0,0.23076923076923078
BHM_DAL,6,587.0,117.5,0.16666666666666666
BHM_DCA,12,653.0,121.5,0.08333333333333333
BHM_DEN,9,1083.0,190.0,0.1111111111111111
BHM_DFW,25,597.0,128.0,0.2
BHM_DTW,7,625.0,124.0,0.14285714285714285
BHM_HOU,5,570.0,115.0,0.0
BHM_IAH,17,562.0,122.0,0.23529411764705882
BHM_LAS,2,1618.0,250.0,0.0
BHM_LGA,6,866.0,146.0,0.3333333333333333
BHM_MCO,12,479.0,95.0,0.25
BHM_MDW,8,570.0,110.0,0.375
BHM_MIA,11,661.0,118.0,0.2727272727272727
BHM_ORD,11,583.0,132.0,0.2727272727272727
BHM_PHL,9,772.0,134.0,0.0
BHM_TPA,9,459.0,80.0,0.1111111111111111
BIL_AZA,4,878.0,138.0,0.75
BIL_DEN,19,455.0,93.0,0.21052631578947367
BIL_DFW,7,1081.0,164.0,0.42857142857142855
BIL_LAS,3,754.0,125.0,0.6666666666666666
BIL_MSP,10,748.0,122.5,0.2
BIL_ORD,4,1061.0,168.0,0.25
BIL_PHX,4,873.0,157.0,0.0
BIL_SEA,4,664.0,149.0,0.25
BIL_SLC,21,387.0,88.0,0.047619047619047616
BIS_AZA,5,1092.0,166.0,0.4
BIS_DEN,16,516.0,112.0,0.3125
BIS_DFW,11,977.0,160.0,0.09090909090909091
BIS_LAS,1,1048.0,157.0,1.0
BIS_MSP,27,386.0,89.0,0.1111111111111111
BIS_PHX,2,1094.0,203.5,0.0
BJI_MSP,14,199.0,64.0,0.0
BKG_DEN,1,665.0,129.0,0.0
BKG_DFW,1,332.0,99.0,0.0
BLI_LAS,9,954.0,150.0,0.1111111111111111
BLI_LAX,1,1047.0,161.0,0.0
BLI_OAK,6,764.0,132.5,0.0
BLI_PSP,2,1078.0,163.0,0.0
BLI_SEA,11,93.0,49.0,0.18181818181818182
BLV_FLL,2,1028.0,156.0,0.0
BLV_JAX,1,723.0,112.0,0.0
BLV_LAS,1,1400.0,222.0,0.0
BLV_PGD,2,921.0,137.0,0.5
BLV_PIE,1,841.0,123.0,0.0
BLV_SAV,1,658.0,105.0,0.0
BLV_SFB,1,835.0,130.0,0.0
BLV_SRQ,1,876.0,131.0,0.0
BLV_VPS,7,587.0,102.0,0.14285714285714285
BMI_ATL,16,533.0,103.0,0.125
BMI_DEN,1,834.0,153.0,1.0
BMI_DFW,12,690.0,137.5,0.4166666666666667
BMI_DTW,1,313.0,81.0,0.0
BMI_MCO,1,936.0,154.0,0.0
BMI_ORD,7,116.0,60.0,0.14285714285714285
BMI_PIE,1,936.0,136.0,0.0
BMI_SFB,2,917.0,136.0,0.0
BNA_ABE,2,685.0,110.0,0.5
BNA_ATL,56,214.0,69.0,0.08928571428571429
BNA_ATW,2,570.0,101.5,0.5
BNA_AUS,20,756.0,142.5,0.3
BNA_BDL,1,852.0,135.0,0.0
BNA_BOS,42,942.0,150.0,0.14285714285714285
BNA_BUR,2,1791.0,255.0,0.0
BNA_BWI,24,587.0,105.0,0.125
BNA_BZN,1,1435.0,215.0,0.0
BNA_CAK,1,435.0,94.0,0.0
BNA_CHS,6,439.0,85.0,0.16666666666666666
BNA_CLE,12,448.0,85.0,0.08333333333333333
BNA_CLT,53,328.0,89.0,0.2641509433962264
BNA_CMH,11,337.0,75.0,0.09090909090909091
BNA_DAL,37,623.0,120.0,0.16216216216216217
BNA_DCA,37,562.0,103.0,0.10810810810810811
BNA_DEN,55,1014.0,175.0,0.09090909090909091
BNA_DFW,36,631.0,131.5,0.1111111111111111
BNA_DSM,4,530.0,100.5,0.5
BNA_DTW,40,456.0,95.0,0.125
BNA_ECP,11,401.0,80.0,0.09090909090909091
BNA_EWR,30,748.0,137.0,0.3333333333333333
BNA_EYW,1,849.0,131.0,0.0
BNA_FAR,1,910.0,146.0,0.0
BNA_FLL,35,793.0,135.0,0.17142857142857143
BNA_FNT,1,497.0,90.0,1.0
BNA_FSD,1,741.0,116.0,1.0
BNA_GFK,1,976.0,150.0,0.0
BNA_GRR,1,470.0,89.0,0.0
BNA_HOU,11,670.0,130.0,0.09090909090909091
BNA_IAD,15,542.0,105.0,0.13333333333333333
BNA_IAH,36,657.0,130.0,0.25
BNA_ISP,1,803.0,135.0,0.0
BNA_JAX,13,483.0,90.0,0.07692307692307693
BNA_JFK,30,765.0,144.5,0.2
BNA_LAS,21,1587.0,240.0,0.09523809523809523
BNA_LAX,19,1797.0,272.0,0.10526315789473684
BNA_LGA,59,764.0,137.0,0.2711864406779661
BNA_LGB,1,1785.0,280.0,0.0
BNA_MCI,21,491.0,100.0,0.14285714285714285
BNA_MCO,37,616.0,110.0,0.24324324324324326
BNA_MDW,28,395.0,90.0,0.10714285714285714
BNA_MIA,20,806.0,140.0,0.35
BNA_MKE,8,475.0,92.5,0.25
BNA_MSP,24,695.0,132.0,0.125
BNA_MSY,15,471.0,90.0,0.06666666666666667
BNA_MYR,8,471.0,90.0,0.125
BNA_OAK,5,1959.0,280.0,0.4
BNA_OMA,1,612.0,120.0,1.0
BNA_ORD,73,409.0,109.0,0.1095890410958904
BNA_ORF,3,585.0,100.0,0.3333333333333333
BNA_PBI,1,757.0,125.0,0.0
BNA_PHL,30,675.0,123.0,0.2
BNA_PHX,20,1449.0,230.0,0.15
BNA_PIA,1,353.0,77.0,0.0
BNA_PIE,2,612.0,101.5,0.0
BNA_PIT,11,462.0,85.0,0.09090909090909091
BNA_PNS,16,391.0,80.0,0.375
BNA_RDU,21,442.0,90.0,0.19047619047619047
BNA_RIC,1,527.0,93.0,0.0
BNA_RSW,7,722.0,120.0,0.0
BNA_SAN,6,1751.0,255.0,0.5
BNA_SAT,12,822.0,150.0,0.08333333333333333
BNA_SAV,5,417.0,85.0,0.4
BNA_SEA,19,1978.0,305.0,0.05263157894736842
BNA_SFO,6,1969.0,288.5,0.3333333333333333
BNA_SJC,3,1947.0,290.0,0.0
BNA_SJU,1,1753.0,235.0,0.0
BNA_SLC,9,1404.0,221.0,0.1111111111111111
BNA_SNA,3,1772.0,250.0,0.3333333333333333
BNA_SRQ,4,648.0,110.0,0.5
BNA_STL,10,272.0,70.0,0.0
BNA_SYR,1,741.0,109.0,1.0
BNA_TPA,16,612.0,105.0,0.3125
BNA_VPS,7,389.0,80.0,0.0
BOI_ATL,1,1838.0,241.0,0.0
BOI_AZA,1,749.0,126.0,0.0
BOI_BUR,2,656.0,123.5,0.5
BOI_DEN,23,649.0,117.0,0.08695652173913043
BOI_DFW,11,1272.0,189.0,0.2727272727272727
BOI_GEG,9,287.0,70.0,0.0
BOI_IAH,10,1482.0,217.0,0.2
BOI_LAS,18,519.0,102.5,0.16666666666666666
BOI_LAX,16,674.0,136.0,0.25
BOI_MSP,14,1142.0,160.0,0.0
BOI_OAK,11,512.0,105.0,0.36363636363636365
BOI_ORD,14,1437.0,211.0,0.35714285714285715
BOI_PAE,1,419.0,95.0,0.0
BOI_PDX,15,344.0,85.0,0.2
BOI_PHX,21,735.0,125.0,0.14285714285714285
BOI_PSP,2,672.0,123.0,0.0
BOI_PUW,1,224.0,63.0,0.0
BOI_SAN,6,749.0,137.5,0.0
BOI_SEA,60,399.0,101.0,0.15
BOI_SFO,24,522.0,113.0,0.08333333333333333
BOI_SJC,15,523.0,105.0,0.0
BOI_SLC,29,290.0,73.0,0.0
BOI_SMF,13,437.0,85.0,0.23076923076923078
BOI_SNA,2,688.0,130.0,0.0
BOS_ACK,3,91.0,52.0,0.0
BOS_ATL,80,946.0,174.0,0.125
BOS_AUS,21,1698.0,268.0,0.19047619047619047
BOS_AVL,1,783.0,145.0,0.0
BOS_BGR,2,201.0,66.5,0.0
BOS_BNA,36,942.0,175.0,0.08333333333333333
BOS_BUF,17,395.0,90.0,0.29411764705882354
BOS_BUR,5,2601.0,395.0,0.2
BOS_BWI,53,369.0,95.0,0.1509433962264151
BOS_BZN,1,1991.0,318.0,1.0
BOS_CHS,10,818.0,151.5,0.3
BOS_CLE,23,563.0,125.0,0.08695652173913043
BOS_CLT,60,728.0,150.0,0.08333333333333333
BOS_CMH,17,640.0,135.0,0.11764705882352941
BOS_CVG,17,752.0,150.0,0.23529411764705882
BOS_DCA,105,399.0,105.0,0.2571428571428571
BOS_DEN,44,1754.0,280.0,0.11363636363636363
BOS_DFW,35,1562.0,259.0,0.17142857142857143
BOS_DTW,36,632.0,133.5,0.2777777777777778
BOS_EWR,56,200.0,87.0,0.32142857142857145
BOS_EYW,1,1373.0,240.0,1.0
BOS_FLL,47,1237.0,209.0,0.44680851063829785
BOS_GRR,2,740.0,138.0,0.0
BOS_HNL,2,5095.0,682.5,0.0
BOS_HOU,2,1609.0,256.5,0.0
BOS_HPN,2,166.0,78.0,0.0
BOS_IAD,15,413.0,101.0,0.2
BOS_IAH,20,1597.0,258.5,0.1
BOS_ILM,1,672.0,130.0,0.0
BOS_IND,14,818.0,159.5,0.07142857142857142
BOS_JAX,22,1010.0,178.5,0.2727272727272727
BOS_JFK,63,187.0,79.0,0.19047619047619047
BOS_LAS,29,2381.0,364.0,0.27586206896551724
BOS_LAX,46,2611.0,385.5,0.15217391304347827
BOS_LGA,95,184.0,84.0,0.18947368421052632
BOS_LGB,2,2602.0,397.5,0.0
BOS_MCI,11,1256.0,221.0,0.18181818181818182
BOS_MCO,71,1121.0,194.0,0.28169014084507044
BOS_MDW,19,861.0,165.0,0.21052631578947367
BOS_MEM,3,1139.0,205.0,0.0
BOS_MIA,47,1258.0,215.0,0.19148936170212766
BOS_MKE,1,860.0,166.0,0.0
BOS_MSP,23,1124.0,200.0,0.17391304347826086
BOS_MSY,5,1368.0,230.0,0.2
BOS_MVY,1,70.0,43.0,0.0
BOS_MYR,4,738.0,127.0,0.0
BOS_ORD,81,867.0,176.0,0.2345679012345679
BOS_ORF,2,468.0,110.0,0.0
BOS_PBI,20,1197.0,197.0,0.2
BOS_PDX,12,2537.0,380.0,0.16666666666666666
BOS_PHL,78,280.0,98.0,0.15384615384615385
BOS_PHX,23,2300.0,351.0,0.13043478260869565
BOS_PIT,20,496.0,112.5,0.35
BOS_RDU,54,612.0,129.0,0.16666666666666666
BOS_RIC,23,474.0,111.0,0.13043478260869565
BOS_ROC,1,343.0,84.0,1.0
BOS_RSW,32,1249.0,217.0,0.25
BOS_SAN,13,2588.0,387.0,0.07692307692307693
BOS_SAT,6,1764.0,273.0,0.3333333333333333
BOS_SAV,8,901.0,160.5,0.0
BOS_SDF,3,829.0,159.0,0.3333333333333333
BOS_SEA,48,2496.0,382.0,0.10416666666666667
BOS_SFO,49,2704.0,405.0,0.24489795918367346
BOS_SJC,2,2689.0,398.0,0.5
BOS_SJU,12,1674.0,239.5,0.3333333333333333
BOS_SLC,19,2105.0,336.0,0.3157894736842105
BOS_SMF,1,2636.0,403.0,1.0
BOS_SRQ,4,1220.0,219.0,0.25
BOS_STL,15,1047.0,190.0,0.13333333333333333
BOS_SYR,3,265.0,74.0,0.3333333333333333
BOS_TPA,38,1185.0,203.0,0.34210526315789475
BOS_TYS,2,830.0,143.0,0.5
BOS_VPS,1,1187.0,195.0,0.0
BPT_DFW,15,270.0,80.0,0.2
BQK_ATL,7,238.0,75.0,0.14285714285714285
BQN_EWR,6,1585.0,233.0,0.6666666666666666
BQN_FLL,5,982.0,159.0,0.4
BQN_JFK,8,1576.0,233.5,0.375
BQN_MCO,7,1129.0,176.0,0.2857142857142857
BRD_MSP,10,114.0,56.0,0.0
BRO_DFW,24,482.0,102.0,0.125
BRO_IAH,6,308.0,82.0,0.0
BRW_ANC,7,725.0,110.0,0.2857142857142857
BRW_FAI,2,503.0,80.0,0.0
BTM_SLC,7,358.0,81.0,0.2857142857142857
BTR_ATL,23,448.0,96.0,0.08695652173913043
BTR_CLT,12,675.0,124.5,0.08333333333333333
BTR_DFW,19,383.0,95.0,0.21052631578947367
BTR_IAH,11,253.0,82.0,0.09090909090909091
BTV_ATL,4,961.0,163.0,0.25
BTV_CLT,13,761.0,148.0,0.07692307692307693
BTV_DCA,19,437.0,109.0,0.05263157894736842
BTV_DFW,1,1510.0,239.0,0.0
BTV_DTW,13,537.0,115.0,0.07692307692307693
BTV_EWR,8,266.0,89.5,0.25
BTV_IAD,5,441.0,99.0,0.4
BTV_JFK,17,266.0,89.0,0.29411764705882354
BTV_LGA,9,258.0,86.0,0.2222222222222222
BTV_MCO,2,1194.0,211.0,0.0
BTV_ORD,9,763.0,154.0,0.1111111111111111
BTV_PHL,11,335.0,88.0,0.0
BUF_ATL,16,712.0,128.5,0.0625
BUF_BOS,21,395.0,85.0,0.3333333333333333
BUF_BWI,28,281.0,75.0,0.10714285714285714
BUF_CLT,14,546.0,113.0,0.14285714285714285
BUF_DCA,14,296.0,82.0,0.07142857142857142
BUF_DEN,1,1359.0,200.0,0.0
BUF_DFW,6,1212.0,219.5,0.16666666666666666
BUF_DTW,21,241.0,76.0,0.14285714285714285
BUF_EWR,13,282.0,90.0,0.23076923076923078
BUF_FLL,8,1166.0,192.5,0.125
BUF_IAD,3,283.0,75.0,0.0
BUF_JFK,33,301.0,88.0,0.21212121212121213
BUF_LAS,3,1986.0,295.0,0.3333333333333333
BUF_LAX,2,2218.0,326.0,0.5
BUF_LGA,18,292.0,84.5,0.1111111111111111
BUF_MCO,21,1011.0,165.0,0.2857142857142857
BUF_MDW,11,468.0,105.0,0.09090909090909091
BUF_MSP,2,735.0,134.0,0.5
BUF_ORD,25,473.0,114.0,0.0
BUF_PHL,5,279.0,85.0,0.0
BUF_PHX,4,1912.0,290.0,0.0
BUF_RDU,3,487.0,99.0,0.3333333333333333
BUF_RSW,1,1144.0,170.0,1.0
BUF_TPA,11,1053.0,166.0,0.2727272727272727
BUR_ABQ,3,672.0,110.0,0.0
BUR_AUS,1,1241.0,175.0,0.0
BUR_BNA,3,1791.0,230.0,0.0
BUR_BOI,2,656.0,116.0,0.0
BUR_BOS,3,2601.0,328.0,0.3333333333333333
BUR_DAL,3,1243.0,175.0,0.0
BUR_DEN,28,850.0,137.5,0.03571428571428571
BUR_DFW,12,1231.0,191.0,0.16666666666666666
BUR_HOU,6,1389.0,195.0,0.16666666666666666
BUR_JFK,4,2465.0,326.0,0.5
BUR_LAS,55,223.0,68.0,0.2545454545454545
BUR_MDW,1,1740.0,230.0,0.0
BUR_OAK,58,325.0,75.0,0.1206896551724138
BUR_PDX,6,817.0,140.0,0.16666666666666666
BUR_PHX,42,369.0,90.0,0.14285714285714285
BUR_RNO,2,374.0,82.5,0.5
BUR_SEA,12,937.0,165.0,0.0
BUR_SFO,32,326.0,85.0,0.34375
BUR_SJC,48,296.0,70.0,0.10416666666666667
BUR_SLC,23,574.0,113.0,0.13043478260869565
BUR_SMF,25,358.0,80.0,0.12
BUR_STS,1,387.0,88.0,0.0
BWI_ABQ,3,1670.0,255.0,0.0
BWI_ALB,17,289.0,75.0,0.17647058823529413
BWI_ATL,92,577.0,119.0,0.20652173913043478
BWI_AUS,16,1342.0,220.0,0.25
BWI_BDL,20,283.0,75.0,0.25
BWI_BHM,1,682.0,125.0,0.0
BWI_BNA,33,587.0,120.0,0.09090909090909091
BWI_BOS,44,369.0,90.0,0.13636363636363635
BWI_BUF,29,281.0,70.0,0.27586206896551724
BWI_CHS,24,472.0,100.0,0.25
BWI_CLE,11,314.0,80.0,0.2727272727272727
BWI_CLT,65,361.0,95.0,0.16923076923076924
BWI_CMH,16,337.0,85.0,0.125
BWI_CVG,26,430.0,95.0,0.2692307692307692
BWI_DAL,30,1209.0,205.0,0.1
BWI_DEN,41,1491.0,240.0,0.1951219512195122
BWI_DFW,17,1217.0,210.0,0.23529411764705882
BWI_DTW,36,409.0,95.0,0.16666666666666666
BWI_ECP,1,798.0,135.0,0.0
BWI_FLL,71,925.0,160.0,0.14084507042253522
BWI_GRR,13,528.0,100.0,0.23076923076923078
BWI_GSP,6,426.0,90.0,0.5
BWI_HOU,20,1246.0,202.5,0.35
BWI_IAH,21,1235.0,210.0,0.14285714285714285
BWI_IND,13,516.0,105.0,0.23076923076923078
BWI_ISP,18,220.0,67.5,0.1111111111111111
BWI_JAN,3,888.0,145.0,0.0
BWI_JAX,23,663.0,120.0,0.43478260869565216
BWI_JFK,9,184.0,77.0,0.2222222222222222
BWI_LAS,29,2106.0,315.0,0.1724137931034483
BWI_LAX,19,2329.0,341.0,0.15789473684210525
BWI_LGA,6,185.0,65.0,0.6666666666666666
BWI_MCI,12,967.0,165.0,0.16666666666666666
BWI_MCO,69,787.0,145.0,0.21739130434782608
BWI_MDW,32,611.0,125.0,0.21875
BWI_MEM,3,787.0,135.0,0.3333333333333333
BWI_MHT,25,377.0,85.0,0.12
BWI_MIA,25,946.0,161.0,0.32
BWI_MKE,15,641.0,120.0,0.26666666666666666
BWI_MSP,24,936.0,160.0,0.041666666666666664
BWI_MSY,17,998.0,170.0,0.23529411764705882
BWI_MYR,14,399.0,84.5,0.21428571428571427
BWI_OAK,5,2447.0,375.0,0.0
BWI_OKC,2,1180.0,195.0,0.5
BWI_ORD,44,621.0,135.0,0.1590909090909091
BWI_ORF,19,159.0,55.0,0.15789473684210525
BWI_PBI,18,883.0,150.0,0.2222222222222222
BWI_PGD,1,899.0,158.0,0.0
BWI_PHX,15,1999.0,305.0,0.2
BWI_PIT,23,210.0,65.0,0.30434782608695654
BWI_PVD,20,327.0,80.0,0.25
BWI_PWM,17,452.0,85.0,0.23529411764705882
BWI_RDU,23,255.0,70.0,0.2608695652173913
BWI_ROC,17,277.0,75.0,0.23529411764705882
BWI_RSW,26,919.0,160.0,0.15384615384615385
BWI_SAN,14,2295.0,342.5,0.0
BWI_SAT,9,1407.0,210.0,0.0
BWI_SAV,12,549.0,110.0,0.3333333333333333
BWI_SDF,17,495.0,105.0,0.11764705882352941
BWI_SEA,11,2335.0,350.0,0.2727272727272727
BWI_SFO,7,2457.0,372.0,0.14285714285714285
BWI_SJU,13,1565.0,240.0,0.15384615384615385
BWI_SLC,6,1865.0,291.0,0.16666666666666666
BWI_SRQ,12,880.0,155.0,0.0
BWI_STL,13,738.0,135.0,0.07692307692307693
BWI_SYR,5,273.0,70.0,0.2
BWI_TPA,29,842.0,145.0,0.3448275862068966
BWI_VPS,1,819.0,135.0,0.0
BZN_ATL,3,1640.0,232.0,0.3333333333333333
BZN_AZA,4,861.0,135.5,0.25
BZN_BNA,1,1435.0,192.0,0.0
BZN_BOS,1,1991.0,246.0,0.0
BZN_CLT,1,1736.0,251.0,0.0
BZN_DEN,31,524.0,104.0,0.3225806451612903
BZN_DFW,10,1163.0,180.5,0.3
BZN_EWR,2,1882.0,257.5,0.5
BZN_IAH,1,1385.0,204.0,1.0
BZN_JFK,2,1902.0,254.5,0.0
BZN_LAS,6,701.0,120.0,0.3333333333333333
BZN_LAX,13,902.0,167.0,0.23076923076923078
BZN_MSP,13,874.0,136.0,0.0
BZN_ORD,10,1186.0,182.0,0.0
BZN_PDX,1,554.0,120.0,0.0
BZN_SAN,1,956.0,165.0,0.0
BZN_SEA,11,543.0,121.0,0.09090909090909091
BZN_SFO,5,807.0,157.0,0.4
BZN_SLC,16,347.0,84.5,0.125
CAE_ATL,40,192.0,70.0,0.075
CAE_CLT,25,88.0,65.0,0.12
CAE_DCA,6,408.0,85.0,0.16666666666666666
CAE_DFW,13,922.0,176.0,0.23076923076923078
CAE_IAD,1,401.0,89.0,1.0
CAE_LGA,5,617.0,119.0,0.2
CAE_ORD,2,666.0,143.5,0.0
CAK_ATL,7,528.0,108.0,0.0
CAK_CLT,18,394.0,100.5,0.1111111111111111
CAK_DCA,2,274.0,82.5,0.0
CAK_EWR,3,382.0,106.0,0.3333333333333333
CAK_IAH,2,1085.0,190.5,0.5
CAK_MCO,4,861.0,145.5,0.25
CAK_ORD,10,343.0,99.0,0.2
CAK_PHL,2,335.0,94.5,0.0
CAK_RSW,2,991.0,167.0,0.5
CAK_SAV,1,606.0,108.0,1.0
CAK_SRQ,2,934.0,145.5,0.0
CDC_SLC,10,221.0,65.0,0.1
CDV_ANC,5,160.0,49.0,0.4
CDV_YAK,5,213.0,51.0,0.2
CGI_DEC,1,184.0,55.0,0.0
CGI_ORD,10,339.0,101.0,0.2
CGI_PAH,6,45.0,46.0,0.16666666666666666
CHA_ATL,39,106.0,56.0,0.10256410256410256
CHA_CLT,16,241.0,80.0,0.0625
CHA_DCA,3,523.0,98.0,0.0
CHA_DFW,9,695.0,141.0,0.2222222222222222
CHA_DTW,1,505.0,116.0,1.0
CHA_IAH,2,686.0,141.5,0.0
CHA_ORD,7,501.0,123.0,0.2857142857142857
CHO_ATL,16,457.0,105.5,0.25
CHO_CLT,10,245.0,86.0,0.1
CHO_LGA,14,305.0,86.0,0.21428571428571427
CHO_ORD,4,566.0,135.0,0.0
CHS_ATL,51,259.0,77.0,0.0392156862745098
CHS_AUS,2,1055.0,162.5,0.5
CHS_BNA,12,439.0,90.0,0.08333333333333333
CHS_BOS,18,818.0,140.5,0.2777777777777778
CHS_BWI,12,472.0,90.0,0.16666666666666666
CHS_CLE,1,595.0,101.0,0.0
CHS_CLT,40,168.0,71.5,0.15
CHS_DAL,7,977.0,165.0,0.7142857142857143
CHS_DCA,18,444.0,92.0,0.1111111111111111
CHS_DEN,12,1449.0,230.0,0.16666666666666666
CHS_DFW,13,987.0,181.0,0.15384615384615385
CHS_DTW,7,667.0,125.0,0.0
CHS_EWR,25,628.0,122.0,0.24
CHS_FLL,5,470.0,98.0,0.2
CHS_HOU,1,928.0,150.0,0.0
CHS_HPN,2,663.0,129.0,0.5
CHS_IAD,12,441.0,90.5,0.25
CHS_IAH,11,925.0,170.0,0.18181818181818182
CHS_JFK,36,636.0,119.0,0.2222222222222222
CHS_LAX,1,2206.0,326.0,1.0
CHS_LCK,1,503.0,90.0,0.0
CHS_LGA,22,641.0,116.5,0.09090909090909091
CHS_MDW,12,745.0,132.5,0.25
CHS_MIA,11,489.0,102.0,0.09090909090909091
CHS_MSP,2,1087.0,189.5,0.5
CHS_ORD,21,760.0,149.0,0.09523809523809523
CHS_PHL,11,550.0,112.0,0.18181818181818182
CHS_PIT,1,524.0,96.0,0.0
CHS_RDU,1,217.0,60.0,0.0
CHS_SEA,6,2415.0,357.5,0.0
CHS_STL,3,706.0,125.0,0.0
CID_ATL,8,694.0,124.5,0.125
CID_AZA,2,1240.0,191.5,0.0
CID_BNA,1,481.0,89.0,0.0
CID_CLT,9,742.0,136.0,0.2222222222222222
CID_DCA,1,801.0,133.0,0.0
CID_DEN,17,692.0,139.0,0.29411764705882354
CID_DFW,15,685.0,130.0,0.2
CID_DTW,8,430.0,98.0,0.125
CID_LAS,1,1319.0,214.0,0.0
CID_MSP,14,220.0,77.0,0.21428571428571427
CID_ORD,22,196.0,74.5,0.18181818181818182
CID_PGD,5,1170.0,168.0,0.0
CID_PHX,11,1252.0,203.0,0.0
CID_SFB,1,1078.0,165.0,0.0
CID_SRQ,2,1125.0,161.5,0.0
CIU_DTW,7,284.0,79.0,0.0
CIU_MSP,7,435.0,109.0,0.0
CKB_IAD,5,151.0,65.0,0.2
CKB_JST,2,102.0,49.0,1.0
CKB_MYR,1,394.0,73.0,0.0
CKB_ORD,5,444.0,113.0,0.0
CKB_SFB,1,727.0,112.0,0.0
CLE_ATL,48,554.0,110.5,0.14583333333333334
CLE_AUS,1,1174.0,190.0,1.0
CLE_BDL,1,476.0,91.0,0.0
CLE_BNA,11,448.0,95.0,0.2727272727272727
CLE_BOS,18,563.0,114.5,0.16666666666666666
CLE_BWI,16,314.0,80.0,0.0625
CLE_CLT,39,430.0,107.0,0.07692307692307693
CLE_DCA,22,310.0,85.5,0.3181818181818182
CLE_DEN,24,1201.0,201.0,0.20833333333333334
CLE_DFW,26,1021.0,180.5,0.15384615384615385
CLE_DTW,20,95.0,56.5,0.15
CLE_EWR,31,404.0,98.0,0.0967741935483871
CLE_FLL,21,1062.0,175.0,0.14285714285714285
CLE_IAD,13,288.0,75.0,0.07692307692307693
CLE_IAH,17,1091.0,186.0,0.29411764705882354
CLE_JFK,27,425.0,109.0,0.1111111111111111
CLE_LAS,19,1824.0,272.0,0.3684210526315789
CLE_LAX,15,2052.0,315.0,0.13333333333333333
CLE_LGA,46,419.0,101.0,0.15217391304347827
CLE_MCO,29,895.0,150.0,0.1724137931034483
CLE_MDW,24,307.0,80.0,0.08333333333333333
CLE_MIA,12,1080.0,183.5,0.25
CLE_MKE,4,328.0,80.0,0.0
CLE_MSP,31,622.0,128.0,0.12903225806451613
CLE_MSY,1,917.0,155.0,0.0
CLE_MYR,7,557.0,100.0,0.14285714285714285
CLE_ORD,53,315.0,93.0,0.22641509433962265
CLE_PBI,1,1020.0,182.0,0.0
CLE_PGD,1,999.0,146.0,0.0
CLE_PHL,16,363.0,87.0,0.375
CLE_PHX,10,1737.0,262.0,0.2
CLE_RDU,5,416.0,93.0,0.0
CLE_RSW,11,1025.0,168.0,0.36363636363636365
CLE_SEA,2,2021.0,310.0,0.5
CLE_SFB,1,872.0,135.0,0.0
CLE_SFO,12,2161.0,316.5,0.08333333333333333
CLE_SJU,1,1839.0,251.0,1.0
CLE_SLC,2,1565.0,259.0,0.0
CLE_STL,11,487.0,95.0,0.18181818181818182
CLE_TPA,11,927.0,153.0,0.36363636363636365
CLE_VPS,1,797.0,128.0,1.0
CLL_DFW,18,164.0,63.5,0.1111111111111111
CLL_IAH,6,74.0,45.5,0.5
CLT_ABE,14,481.0,106.5,0.0
CLT_AEX,1,722.0,147.0,0.0
CLT_AGS,13,140.0,65.0,0.0
CLT_ALB,11,646.0,115.0,0.5454545454545454
CLT_ATL,81,226.0,77.0,0.09876543209876543
CLT_ATW,2,742.0,135.0,0.0
CLT_AUS,22,1032.0,176.5,0.18181818181818182
CLT_AVL,24,91.0,54.5,0.0
CLT_AVP,15,509.0,105.0,0.0
CLT_BDL,30,644.0,115.0,0.23333333333333334
CLT_BGR,7,921.0,149.0,0.14285714285714285
CLT_BHM,30,350.0,90.5,0.1
CLT_BNA,38,328.0,90.0,0.10526315789473684
CLT_BOS,63,728.0,133.0,0.1746031746031746
CLT_BTR,14,675.0,134.0,0.07142857142857142
CLT_BTV,11,761.0,133.0,0.09090909090909091
CLT_BUF,13,546.0,102.0,0.3076923076923077
CLT_BWI,51,361.0,86.0,0.17647058823529413
CLT_CAE,24,88.0,54.5,0.2916666666666667
CLT_CAK,24,394.0,91.0,0.16666666666666666
CLT_CHA,23,241.0,73.0,0.2608695652173913
CLT_CHO,13,245.0,73.0,0.07692307692307693
CLT_CHS,47,168.0,65.0,0.1702127659574468
CLT_CID,14,742.0,143.0,0.07142857142857142
CLT_CLE,39,430.0,97.0,0.07692307692307693
CLT_CMH,20,347.0,86.5,0.05
CLT_CMI,1,522.0,115.0,0.0
CLT_CRW,20,221.0,71.0,0.15
CLT_CSG,2,295.0,81.0,0.5
CLT_CVG,39,335.0,89.0,0.3076923076923077
CLT_DAB,22,416.0,93.0,0.045454545454545456
CLT_DAL,4,926.0,175.0,0.25
CLT_DAY,26,370.0,93.0,0.19230769230769232
CLT_DCA,37,331.0,87.0,0.24324324324324326
CLT_DEN,41,1337.0,223.0,0.0975609756097561
CLT_DFW,60,936.0,171.0,0.2
CLT_DSM,12,815.0,159.5,0.16666666666666666
CLT_DTW,46,500.0,109.5,0.08695652173913043
CLT_ECP,13,437.0,103.0,0.38461538461538464
CLT_ERI,4,476.0,105.5,0.25
CLT_EVV,2,414.0,113.5,0.0
CLT_EWN,20,221.0,67.5,0.25
CLT_EWR,48,529.0,113.0,0.2916666666666667
CLT_EYW,19,736.0,129.0,0.21052631578947367
CLT_FAY,10,118.0,53.5,0.0
CLT_FCA,1,1923.0,285.0,0.0
CLT_FLL,38,632.0,123.0,0.23684210526315788
CLT_FNT,10,555.0,118.0,0.1
CLT_FSD,3,1021.0,177.0,0.0
CLT_FWA,7,460.0,100.0,0.14285714285714285
CLT_GNV,20,388.0,90.5,0.0
CLT_GPT,8,577.0,122.5,0.0
CLT_GRR,15,583.0,119.0,0.2
CLT_GSO,37,83.0,55.0,0.10810810810810811
CLT_GSP,29,75.0,51.0,0.06896551724137931
CLT_HHH,14,207.0,70.5,0.0
CLT_HNL,1,4678.0,601.0,0.0
CLT_HOU,2,920.0,162.5,0.0
CLT_HPN,15,564.0,120.0,0.13333333333333333
CLT_HSV,24,333.0,87.0,0.041666666666666664
CLT_IAD,50,322.0,85.0,0.2
CLT_IAH,42,912.0,167.5,0.2619047619047619
CLT_ILM,39,185.0,65.0,0.23076923076923078
CLT_IND,26,427.0,100.5,0.15384615384615385
CLT_ITH,3,557.0,115.0,0.3333333333333333
CLT_JAN,16,562.0,125.0,0.1875
CLT_JAX,29,328.0,82.0,0.20689655172413793
CLT_JFK,45,541.0,117.0,0.2222222222222222
CLT_LAS,52,1916.0,294.0,0.28846153846153844
CLT_LAX,36,2125.0,325.5,0.1111111111111111
CLT_LEX,8,281.0,80.5,0.25
CLT_LFT,3,729.0,138.0,0.3333333333333333
CLT_LGA,76,544.0,116.0,0.21052631578947367
CLT_LIT,14,640.0,129.0,0.21428571428571427
CLT_LYH,5,175.0,66.0,0.6
CLT_MCI,23,808.0,151.0,0.17391304347826086
CLT_MCO,56,468.0,104.0,0.21428571428571427
CLT_MDT,14,413.0,96.5,0.07142857142857142
CLT_MDW,8,584.0,115.0,0.125
CLT_MEM,24,511.0,110.5,0.25
CLT_MGM,4,372.0,89.5,0.0
CLT_MHT,18,737.0,133.0,0.2777777777777778
CLT_MIA,46,650.0,127.5,0.21739130434782608
CLT_MKE,19,651.0,130.0,0.15789473684210525
CLT_MLB,13,490.0,106.0,0.07692307692307693
CLT_MOB,4,526.0,113.0,0.5
CLT_MSN,19,708.0,134.0,0.21052631578947367
CLT_MSP,32,930.0,165.0,0.1875
CLT_MSY,16,651.0,126.0,0.0625
CLT_MVY,1,704.0,132.0,0.0
CLT_MYR,27,157.0,63.0,0.18518518518518517
CLT_OAJ,17,191.0,62.0,0.17647058823529413
CLT_OKC,10,940.0,166.5,0.1
CLT_OMA,25,913.0,164.0,0.36
CLT_ONT,3,2078.0,316.0,0.3333333333333333
CLT_ORD,63,599.0,134.0,0.20634920634920634
CLT_ORF,42,290.0,73.5,0.14285714285714285
CLT_PBI,25,590.0,113.0,0.36
CLT_PDX,5,2282.0,322.0,0.2
CLT_PGV,2,203.0,72.0,0.5
CLT_PHF,13,282.0,77.0,0.23076923076923078
CLT_PHL,41,449.0,101.0,0.17073170731707318
CLT_PHX,41,1773.0,274.0,0.14634146341463414
CLT_PIA,15,607.0,127.0,0.3333333333333333
CLT_PIT,28,366.0,85.0,0.17857142857142858
CLT_PNS,38,488.0,107.5,0.23684210526315788
CLT_PVD,20,683.0,121.0,0.2
CLT_PWM,17,813.0,134.0,0.058823529411764705
CLT_RAP,3,1322.0,206.0,0.0
CLT_RDU,46,130.0,57.5,0.21739130434782608
CLT_RIC,33,257.0,73.0,0.2727272727272727
CLT_RNO,1,2141.0,302.0,0.0
CLT_ROA,2,155.0,66.5,0.5
CLT_ROC,16,573.0,111.5,0.25
CLT_RSW,20,600.0,114.0,0.1
CLT_SAN,23,2077.0,295.0,0.21739130434782608
CLT_SAT,19,1095.0,188.0,0.10526315789473684
CLT_SAV,34,213.0,69.0,0.20588235294117646
CLT_SBN,13,534.0,114.0,0.23076923076923078
CLT_SDF,31,335.0,90.0,0.1935483870967742
CLT_SEA,17,2279.0,350.0,0.23529411764705882
CLT_SFO,26,2296.0,341.5,0.34615384615384615
CLT_SGF,10,708.0,141.0,0.2
CLT_SHV,15,764.0,145.0,0.2
CLT_SJU,12,1475.0,221.0,0.16666666666666666
CLT_SLC,14,1727.0,270.0,0.14285714285714285
CLT_SMF,5,2244.0,322.0,0.2
CLT_SRQ,21,547.0,111.0,0.19047619047619047
CLT_STL,32,575.0,120.0,0.25
CLT_STT,5,1520.0,219.0,0.2
CLT_STX,2,1562.0,221.5,0.0
CLT_SYR,15,603.0,110.0,0.26666666666666666
CLT_TLH,17,386.0,95.0,0.17647058823529413
CLT_TOL,4,466.0,102.0,0.0
CLT_TPA,45,507.0,102.0,0.13333333333333333
CLT_TRI,4,119.0,59.0,0.0
CLT_TTN,3,484.0,108.0,0.0
CLT_TUL,13,842.0,157.0,0.23076923076923078
CLT_TYS,20,177.0,68.0,0.3
CLT_VPS,19,460.0,107.0,0.15789473684210525
CLT_XNA,20,754.0,146.5,0.05
CMH_ATL,43,447.0,97.0,0.06976744186046512
CMH_AUS,2,1073.0,190.0,0.5
CMH_BNA,9,337.0,80.0,0.2222222222222222
CMH_BOS,15,640.0,118.0,0.06666666666666667
CMH_BWI,16,337.0,80.0,0.0625
CMH_CLT,35,347.0,97.0,0.14285714285714285
CMH_DAL,2,919.0,155.0,0.0
CMH_DCA,16,323.0,80.0,0.125
CMH_DEN,36,1154.0,195.0,0.2222222222222222
CMH_DFW,22,926.0,173.0,0.22727272727272727
CMH_DTW,22,155.0,69.0,0.22727272727272727
CMH_EWR,17,463.0,111.0,0.11764705882352941
CMH_FLL,9,973.0,155.0,0.2222222222222222
CMH_HOU,2,1000.5,167.5,0.0
CMH_IAD,14,299.0,73.0,0.35714285714285715
CMH_IAH,15,986.0,174.0,0.13333333333333333
CMH_JFK,21,483.0,118.0,0.19047619047619047
CMH_LAS,21,1771.0,264.0,0.09523809523809523
CMH_LAX,3,1995.0,318.0,0.0
CMH_LGA,31,479.0,108.0,0.03225806451612903
CMH_MCO,27,802.0,135.0,0.14814814814814814
CMH_MDW,15,283.0,70.0,0.13333333333333333
CMH_MIA,14,990.0,167.5,0.21428571428571427
CMH_MSP,19,626.0,123.0,0.15789473684210525
CMH_MYR,2,488.0,86.0,0.0
CMH_OAK,1,2110.0,325.0,0.0
CMH_ORD,46,296.0,91.0,0.15217391304347827
CMH_PHL,13,406.0,93.0,0.0
CMH_PHX,10,1670.0,267.5,0.0
CMH_RDU,3,362.0,84.0,0.0
CMH_RSW,12,930.0,150.0,0.16666666666666666
CMH_SEA,3,2016.0,300.0,0.6666666666666666
CMH_SFO,3,2120.0,305.0,0.3333333333333333
CMH_SRQ,1,869.0,140.0,0.0
CMH_STL,9,409.0,85.0,0.2222222222222222
CMH_TPA,13,829.0,135.0,0.07692307692307693
CMI_CLT,3,522.0,113.0,0.0
CMI_DFW,14,692.0,143.5,0.0
CMI_ORD,11,135.0,67.0,0.2727272727272727
CMX_EAU,1,215.0,60.0,0.0
CMX_ORD,14,360.0,97.0,0.14285714285714285
CNY_DEN,9,283.0,76.0,0.1111111111111111
CNY_SLC,1,183.0,72.0,0.0
COD_DEN,4,391.0,94.5,0.5
COS_ATL,2,1184.0,176.0,0.0
COS_DAL,12,602.0,110.0,0.08333333333333333
COS_DEN,44,73.0,53.0,0.11363636363636363
COS_DFW,30,592.0,114.5,0.03333333333333333
COS_IAH,12,809.0,143.5,0.25
COS_LAS,11,604.0,120.0,0.18181818181818182
COS_LAX,5,833.0,177.0,0.2
COS_MCO,1,1520.0,219.0,0.0
COS_MDW,5,917.0,145.0,0.4
COS_MSP,1,725.0,131.0,0.0
COS_ORD,9,911.0,157.0,0.0
COS_PHX,13,551.0,110.0,0.15384615384615385
COS_SAT,1,732.0,126.0,0.0
COS_SLC,14,411.0,110.0,0.14285714285714285
COU_DEN,2,671.0,139.0,0.0
COU_DFW,16,489.0,106.5,0.25
COU_ORD,6,315.0,87.0,0.16666666666666666
CPR_DEN,14,230.0,76.0,0.35714285714285715
CPR_SLC,12,320.0,80.5,0.08333333333333333
CRP_DAL,1,352.0,90.0,0.0
CRP_DFW,34,354.0,86.5,0.11764705882352941
CRP_HOU,25,187.0,60.0,0.16
CRP_IAH,13,201.0,67.0,0.0
CRW_ATL,9,363.0,95.0,0.1111111111111111
CRW_CLT,21,221.0,82.0,0.14285714285714285
CRW_DCA,8,249.0,71.0,0.0
CRW_ORD,3,416.0,119.0,0.0
CRW_PHL,1,356.0,86.0,0.0
CSG_ATL,10,83.0,51.5,0.0
CSG_CLT,1,295.0,100.0,0.0
CSG_DFW,2,705.0,147.0,0.0
CVG_ATL,25,373.0,92.0,0.12
CVG_AUS,7,958.0,173.0,0.14285714285714285
CVG_AZA,5,1553.0,234.0,0.8
CVG_BOS,14,752.0,131.5,0.21428571428571427
CVG_BWI,17,430.0,90.0,0.058823529411764705
CVG_CHS,1,497.0,89.0,0.0
CVG_CLT,48,335.0,100.0,0.10416666666666667
CVG_DCA,16,411.0,91.0,0.25
CVG_DEN,35,1069.0,187.0,0.08571428571428572
CVG_DFW,27,812.0,158.0,0.18518518518518517
CVG_DTW,21,229.0,76.0,0.0
CVG_EWR,22,569.0,122.5,0.18181818181818182
CVG_EYW,3,1013.0,157.0,0.0
CVG_FLL,10,932.0,149.5,0.3
CVG_HOU,4,886.0,167.5,0.25
CVG_IAD,7,388.0,89.0,0.0
CVG_IAH,21,871.0,168.0,0.0
CVG_JAX,1,613.0,107.0,0.0
CVG_JFK,12,589.0,127.5,0.08333333333333333
CVG_LAS,13,1678.0,259.0,0.23076923076923078
CVG_LAX,3,1900.0,272.0,0.0
CVG_LGA,30,585.0,119.0,0.06666666666666667
CVG_MCI,2,539.0,115.5,0.0
CVG_MCO,22,757.0,134.0,0.2727272727272727
CVG_MDW,16,249.0,65.0,0.1875
CVG_MIA,15,948.0,156.0,0.13333333333333333
CVG_MSP,22,596.0,119.5,0.0
CVG_MSY,3,701.0,129.0,0.3333333333333333
CVG_MYR,1,489.0,87.0,0.0
CVG_ORD,55,264.0,90.0,0.16363636363636364
CVG_PBI,2,892.0,136.0,1.0
CVG_PGD,13,850.0,131.0,0.15384615384615385
CVG_PHL,18,507.0,103.5,0.05555555555555555
CVG_PHX,6,1569.0,257.0,0.16666666666666666
CVG_PIE,7,776.0,126.0,0.2857142857142857
CVG_PVD,1,722.0,114.0,1.0
CVG_RDU,3,390.0,95.0,0.0
CVG_RSW,11,879.0,142.0,0.09090909090909091
CVG_SAV,2,515.0,92.5,1.0
CVG_SEA,10,1965.0,297.5,0.1
CVG_SFB,5,735.0,121.0,0.4
CVG_SFO,2,2036.0,303.5,0.0
CVG_SLC,6,1450.0,233.0,0.3333333333333333
CVG_SRQ,6,812.0,126.0,0.3333333333333333
CVG_STL,1,308.0,74.0,0.0
CVG_TPA,13,773.0,134.0,0.0
CVG_VPS,4,600.0,106.5,0.25
CWA_DTW,6,363.0,85.0,0.3333333333333333
CWA_MSP,18,175.0,73.0,0.05555555555555555
CWA_ORD,17,213.0,80.0,0.11764705882352941
CYS_DEN,1,90.0,53.0,0.0
CYS_DFW,2,713.0,139.0,0.0
DAB_ATL,22,366.0,88.5,0.18181818181818182
DAB_CLT,19,416.0,105.0,0.2631578947368421
DAB_DCA,1,705.0,127.0,0.0
DAL_ABQ,27,580.0,110.0,0.2222222222222222
DAL_AMA,14,323.0,75.0,0.2857142857142857
DAL_ATL,59,721.0,123.0,0.15254237288135594
DAL_AUS,34,189.0,60.0,0.058823529411764705
DAL_BHM,5,587.0,95.0,0.0
DAL_BNA,18,623.0,105.0,0.2777777777777778
DAL_BOI,1,1282.0,190.0,1.0
DAL_BUR,1,1243.0,215.0,0.0
DAL_BWI,19,1209.0,165.0,0.10526315789473684
DAL_CHS,4,977.0,145.0,0.0
DAL_CLT,10,926.0,142.5,0.2
DAL_CMH,4,919.0,137.5,0.25
DAL_COS,14,602.0,115.0,0.35714285714285715
DAL_DCA,21,1184.0,170.0,0.14285714285714285
DAL_DEN,42,651.0,125.0,0.23809523809523808
DAL_DTW,2,981.0,155.0,0.0
DAL_ECP,8,674.0,110.0,0.125
DAL_ELP,27,562.0,105.0,0.18518518518518517
DAL_FLL,12,1108.0,162.5,0.08333333333333333
DAL_HDN,2,779.0,150.0,0.5
DAL_HOU,63,239.0,70.0,0.20634920634920634
DAL_HRL,1,458.0,90.0,0.0
DAL_IAH,9,216.0,70.0,0.2222222222222222
DAL_IND,8,755.0,120.0,0.0
DAL_LAS,29,1067.0,175.0,0.10344827586206896
DAL_LAX,18,1246.0,205.0,0.16666666666666666
DAL_LBB,15,293.0,70.0,0.26666666666666666
DAL_LGA,17,1381.0,200.0,0.35294117647058826
DAL_LGB,6,1232.0,195.0,0.5
DAL_LIT,18,296.0,70.0,0.2222222222222222
DAL_MAF,19,319.0,75.0,0.10526315789473684
DAL_MCI,36,461.0,90.0,0.2222222222222222
DAL_MCO,35,973.0,150.0,0.2857142857142857
DAL_MDW,40,793.0,130.0,0.25
DAL_MEM,8,423.0,85.0,0.0
DAL_MIA,4,1109.0,165.0,0.25
DAL_MKE,2,850.0,137.5,0.5
DAL_MSP,1,853.0,145.0,0.0
DAL_MSY,30,436.0,85.0,0.2
DAL_OAK,12,1468.0,227.5,0.16666666666666666
DAL_OKC,1,181.0,55.0,0.0
DAL_OMA,3,586.0,105.0,0.3333333333333333
DAL_ONT,5,1200.0,190.0,0.2
DAL_ORD,10,798.0,145.0,0.6
DAL_ORF,1,1203.0,170.0,1.0
DAL_PDX,3,1626.0,260.0,0.3333333333333333
DAL_PHX,45,879.0,160.0,0.26666666666666666
DAL_PIT,5,1060.0,155.0,0.0
DAL_PNS,8,592.0,100.0,0.125
DAL_PSP,1,1137.0,190.0,0.0
DAL_RDU,4,1052.0,152.5,0.0
DAL_RSW,2,1005.0,142.5,0.5
DAL_SAN,19,1182.0,185.0,0.2631578947368421
DAL_SAT,47,247.0,70.0,0.10638297872340426
DAL_SAV,4,914.0,137.5,0.5
DAL_SDF,3,725.0,120.0,0.3333333333333333
DAL_SEA,6,1670.0,280.0,0.16666666666666666
DAL_SFO,10,1476.0,228.5,0.5
DAL_SJC,11,1450.0,230.0,0.09090909090909091
DAL_SLC,6,999.0,165.0,0.16666666666666666
DAL_SMF,7,1442.0,225.0,0.2857142857142857
DAL_SNA,4,1216.0,192.5,0.25
DAL_STL,27,546.0,100.0,0.1111111111111111
DAL_TPA,18,917.0,135.0,0.16666666666666666
DAL_TUL,12,238.0,65.0,0.16666666666666666
DAL_VPS,3,630.0,105.0,0.6666666666666666
DAY_ATL,21,432.0,103.0,0.09523809523809523
DAY_CLT,16,370.0,99.0,0.1875
DAY_DCA,18,391.0,84.0,0.1111111111111111
DAY_DEN,3,1085.0,193.0,0.0
DAY_DFW,19,861.0,158.0,0.15789473684210525
DAY_DTW,13,166.0,69.0,0.0
DAY_EWR,1,533.0,108.0,1.0
DAY_IAD,2,368.0,91.0,0.0
DAY_IAH,1,929.0,177.0,0.0
DAY_LGA,4,549.0,120.5,0.5
DAY_MSP,3,574.0,135.0,0.0
DAY_ORD,12,240.0,84.0,0.08333333333333333
DAY_PHL,9,477.0,98.0,0.1111111111111111
DAY_PIE,4,831.0,130.5,0.5
DAY_SFB,1,785.0,126.0,0.0
DBQ_ORD,3,147.0,78.0,0.0
DCA_ACK,1,405.0,96.0,0.0
DCA_AGS,2,468.0,108.0,0.0
DCA_ALB,12,318.0,83.5,0.3333333333333333
DCA_ATL,91,547.0,119.0,0.0989010989010989
DCA_AUS,4,1315.0,205.0,0.25
DCA_AVL,1,384.0,93.0,0.0
DCA_BDL,28,313.0,78.5,0.2857142857142857
DCA_BGR,8,590.0,116.5,0.375
DCA_BHM,12,653.0,127.0,0.25
DCA_BNA,35,562.0,117.0,0.05714285714285714
DCA_BOS,151,399.0,94.0,0.2052980132450331
DCA_BTV,16,437.0,97.0,0.25
DCA_BUF,12,296.0,76.5,0.4166666666666667
DCA_CAE,14,408.0,93.5,0.2857142857142857
DCA_CAK,3,274.0,78.0,0.3333333333333333
DCA_CHA,8,523.0,106.5,0.625
DCA_CHS,12,444.0,105.5,0.08333333333333333
DCA_CLE,19,310.0,88.0,0.21052631578947367
DCA_CLT,40,331.0,98.5,0.125
DCA_CMH,29,323.0,87.0,0.27586206896551724
DCA_CRW,7,249.0,76.0,0.42857142857142855
DCA_CVG,19,411.0,98.0,0.15789473684210525
DCA_DAL,17,1184.0,195.0,0.23529411764705882
DCA_DAY,11,391.0,97.0,0.18181818181818182
DCA_DEN,18,1476.0,244.0,0.16666666666666666
DCA_DFW,35,1192.0,209.0,0.22857142857142856
DCA_DSM,8,897.0,177.5,0.125
DCA_DTW,20,405.0,99.5,0.05
DCA_ECP,6,769.0,145.5,0.16666666666666666
DCA_EWR,12,199.0,82.0,0.3333333333333333
DCA_EYW,3,1023.0,180.0,0.3333333333333333
DCA_FLL,34,899.0,161.0,0.17647058823529413
DCA_GRR,10,524.0,116.5,0.1
DCA_GSO,8,248.0,75.5,0.25
DCA_GSP,13,396.0,93.0,0.23076923076923078
DCA_HHH,2,501.0,120.0,0.0
DCA_HOU,11,1218.0,205.0,0.2727272727272727
DCA_HPN,21,234.0,78.0,0.14285714285714285
DCA_HSV,15,613.0,128.0,0.13333333333333333
DCA_IAH,45,1208.0,209.0,0.08888888888888889
DCA_ILM,10,319.0,86.0,0.3
DCA_IND,20,500.0,114.0,0.05
DCA_JAN,7,860.0,151.0,0.5714285714285714
DCA_JAX,19,634.0,123.0,0.10526315789473684
DCA_JFK,29,213.0,82.0,0.1724137931034483
DCA_LAN,2,479.0,105.0,0.5
DCA_LAS,10,2089.0,321.5,0.2
DCA_LAX,27,2311.0,358.0,0.2222222222222222
DCA_LEX,3,414.0,97.0,0.3333333333333333
DCA_LGA,86,214.0,81.0,0.26744186046511625
DCA_LIT,5,888.0,164.0,0.0
DCA_MCI,24,949.0,172.5,0.125
DCA_MCO,56,759.0,146.0,0.125
DCA_MDW,27,601.0,120.0,0.2222222222222222
DCA_MEM,21,762.0,148.0,0.14285714285714285
DCA_MGM,5,693.0,135.0,0.4
DCA_MHT,18,406.0,94.5,0.3333333333333333
DCA_MIA,42,919.0,168.0,0.30952380952380953
DCA_MKE,13,634.0,125.0,0.23076923076923078
DCA_MSN,3,707.0,149.0,0.0
DCA_MSP,33,931.0,166.0,0.18181818181818182
DCA_MSY,31,969.0,171.0,0.1935483870967742
DCA_MVY,2,383.0,88.5,0.0
DCA_MYR,3,372.0,92.0,0.0
DCA_OKC,13,1158.0,189.0,0.3076923076923077
DCA_OMA,9,1012.0,177.0,0.1111111111111111
DCA_ORD,91,612.0,137.0,0.07692307692307693
DCA_ORF,10,142.0,58.5,0.2
DCA_PBI,12,857.0,154.0,0.16666666666666666
DCA_PDX,3,2350.0,355.0,0.0
DCA_PHL,14,119.0,62.0,0.0
DCA_PHX,13,1979.0,319.0,0.07692307692307693
DCA_PIT,19,204.0,73.0,0.2631578947368421
DCA_PNS,12,816.0,142.0,0.4166666666666667
DCA_PVD,28,356.0,81.0,0.2857142857142857
DCA_PWM,28,482.0,96.0,0.10714285714285714
DCA_RDU,33,227.0,77.0,0.2727272727272727
DCA_ROC,12,296.0,84.0,0.08333333333333333
DCA_RSW,15,892.0,162.0,0.06666666666666667
DCA_SAV,11,519.0,116.0,0.2727272727272727
DCA_SDF,26,474.0,112.0,0.15384615384615385
DCA_SEA,14,2329.0,355.0,0.21428571428571427
DCA_SFO,11,2442.0,367.0,0.18181818181818182
DCA_SJU,3,1554.0,228.0,0.3333333333333333
DCA_SLC,5,1851.0,284.0,0.0
DCA_SRQ,2,851.0,151.0,0.0
DCA_STL,34,719.0,142.5,0.29411764705882354
DCA_SYR,15,298.0,81.0,0.13333333333333333
DCA_TLH,6,716.0,135.5,0.16666666666666666
DCA_TPA,27,814.0,147.0,0.1111111111111111
DCA_TUL,2,1049.0,184.0,0.0
DCA_TYS,8,437.0,99.0,0.375
DCA_VPS,7,789.0,159.0,0.0
DCA_XNA,7,963.0,182.0,0.0
DDC_DEN,3,292.0,82.0,0.3333333333333333
DDC_LBL,1,74.0,44.0,1.0
DEC_ORD,6,156.0,65.5,0.16666666666666666
DEC_TBN,2,228.0,62.0,0.0
DEN_ABQ,37,349.0,80.0,0.2972972972972973
DEN_ACV,5,1026.0,174.0,0.0
DEN_ALB,3,1610.0,214.0,0.3333333333333333
DEN_ALS,5,179.0,65.0,0.2
DEN_AMA,7,359.0,84.0,0.0
DEN_ANC,8,2405.0,337.0,0.375
DEN_ASE,32,125.0,55.0,0.34375
DEN_ATL,80,1199.0,175.0,0.1625
DEN_ATY,4,519.0,101.0,0.25
DEN_AUS,54,775.0,130.0,0.24074074074074073
DEN_BDL,8,1671.0,219.0,0.875
DEN_BFF,6,150.0,55.0,0.16666666666666666
DEN_BFL,7,845.0,167.0,0.14285714285714285
DEN_BFM,1,1132.0,162.0,0.0
DEN_BHM,7,1083.0,167.0,0.2857142857142857
DEN_BIH,2,760.0,145.0,0.0
DEN_BIL,10,455.0,92.5,0.1
DEN_BIS,13,516.0,106.0,0.38461538461538464
DEN_BKG,1,665.0,110.0,0.0
DEN_BMI,1,834.0,136.0,1.0
DEN_BNA,43,1014.0,150.0,0.2558139534883721
DEN_BOI,38,649.0,120.5,0.23684210526315788
DEN_BOS,53,1754.0,232.0,0.16981132075471697
DEN_BTV,2,1639.0,221.5,0.0
DEN_BUF,6,1359.0,185.0,0.3333333333333333
DEN_BUR,25,850.0,150.0,0.24
DEN_BWI,32,1491.0,201.5,0.28125
DEN_BZN,27,524.0,109.0,0.14814814814814814
DEN_CHS,10,1449.0,199.0,0.5
DEN_CID,12,692.0,115.5,0.3333333333333333
DEN_CLE,30,1201.0,169.0,0.23333333333333334
DEN_CLT,51,1337.0,195.0,0.17647058823529413
DEN_CMH,21,1154.0,166.0,0.5238095238095238
DEN_CNY,5,283.0,75.0,0.2
DEN_COD,3,391.0,95.0,0.3333333333333333
DEN_COS,44,73.0,48.5,0.22727272727272727
DEN_COU,2,671.0,119.5,0.0
DEN_CPR,11,230.0,68.0,0.45454545454545453
DEN_CVG,25,1069.0,160.0,0.2
DEN_CYS,2,90.0,50.5,0.5
DEN_DAL,34,651.0,115.0,0.23529411764705882
DEN_DAY,4,1085.0,172.0,0.0
DEN_DCA,19,1476.0,201.0,0.15789473684210525
DEN_DDC,3,292.0,72.0,0.0
DEN_DFW,88,641.0,120.0,0.1590909090909091
DEN_DIK,1,488.0,104.0,0.0
DEN_DRO,17,251.0,75.0,0.11764705882352941
DEN_DSM,19,589.0,101.0,0.10526315789473684
DEN_DTW,40,1123.0,168.0,0.175
DEN_EAR,3,305.0,73.0,0.0
DEN_ECP,1,1250.0,175.0,1.0
DEN_EGE,9,120.0,55.0,0.2222222222222222
DEN_ELP,20,563.0,111.5,0.35
DEN_EUG,10,996.0,172.0,0.4
DEN_EWR,45,1605.0,224.0,0.26666666666666666
DEN_FAR,29,627.0,116.0,0.2413793103448276
DEN_FAT,24,844.0,151.5,0.375
DEN_FCA,9,752.0,134.0,0.2222222222222222
DEN_FLG,2,503.0,101.0,0.0
DEN_FLL,29,1703.0,229.0,0.1724137931034483
DEN_FOD,1,576.0,113.0,0.0
DEN_FSD,17,483.0,97.0,0.17647058823529413
DEN_GCC,5,313.0,79.0,0.0
DEN_GEG,30,836.0,143.0,0.2
DEN_GJT,13,212.0,66.0,0.07692307692307693
DEN_GRB,1,905.0,160.0,1.0
DEN_GRR,16,1015.0,147.0,0.1875
DEN_GSP,5,1278.0,185.0,0.0
DEN_GTF,7,623.0,121.0,0.2857142857142857
DEN_GUC,8,152.0,64.5,0.375
DEN_HDN,27,141.0,54.0,0.25925925925925924
DEN_HLN,5,594.0,126.0,0.0
DEN_HNL,4,3365.0,436.0,0.5
DEN_HOB,1,501.0,99.0,0.0
DEN_HOU,43,883.0,145.0,0.16279069767441862
DEN_HRL,2,1023.0,164.5,0.0
DEN_HSV,8,1048.0,159.0,0.125
DEN_HYS,7,298.0,73.0,0.0
DEN_IAD,56,1452.0,196.5,0.25
DEN_IAH,69,862.0,144.0,0.2898550724637681
DEN_ICT,20,420.0,88.0,0.25
DEN_IDA,13,458.0,103.0,0.15384615384615385
DEN_IND,27,977.0,145.0,0.18518518518518517
DEN_JAC,23,406.0,93.0,0.17391304347826086
DEN_JAX,8,1447.0,196.5,0.25
DEN_JFK,13,1626.0,225.0,0.3076923076923077
DEN_JLN,2,582.0,113.0,0.5
DEN_JMS,9,573.0,113.0,0.1111111111111111
DEN_KOA,5,3329.0,449.0,0.2
DEN_LAR,5,113.0,50.0,0.2
DEN_LAS,103,628.0,118.0,0.21359223300970873
DEN_LAX,104,862.0,150.5,0.22115384615384615
DEN_LBB,10,456.0,94.5,0.3
DEN_LBF,5,228.0,65.0,0.4
DEN_LBL,4,280.0,69.0,0.25
DEN_LGA,62,1620.0,220.0,0.3709677419354839
DEN_LGB,10,854.0,150.0,0.1
DEN_LIH,10,3414.0,469.0,0.2
DEN_LIT,9,771.0,133.0,0.4444444444444444
DEN_LNK,6,423.0,89.5,0.0
DEN_LWS,4,768.0,150.5,0.0
DEN_MAF,15,563.0,109.0,0.13333333333333333
DEN_MCI,59,533.0,97.0,0.15254237288135594
DEN_MCO,59,1546.0,215.0,0.23728813559322035
DEN_MDW,32,895.0,140.0,0.21875
DEN_MEM,17,872.0,141.0,0.29411764705882354
DEN_MFR,6,964.0,165.5,0.6666666666666666
DEN_MIA,27,1709.0,233.0,0.25925925925925924
DEN_MKE,39,896.0,139.0,0.2564102564102564
DEN_MLI,5,752.0,132.0,0.6
DEN_MMH,1,780.0,148.0,0.0
DEN_MOT,9,604.0,116.0,0.2222222222222222
DEN_MRY,4,959.0,164.0,0.5
DEN_MSN,14,826.0,129.0,0.21428571428571427
DEN_MSO,12,679.0,126.0,0.4166666666666667
DEN_MSP,82,680.0,115.0,0.21951219512195122
DEN_MSY,34,1062.0,156.0,0.11764705882352941
DEN_MTJ,22,196.0,68.0,0.18181818181818182
DEN_MYR,1,1485.0,204.0,0.0
DEN_OAK,28,957.0,160.0,0.17857142857142858
DEN_OGG,3,3302.0,456.0,0.6666666666666666
DEN_OKC,36,495.0,99.0,0.25
DEN_OMA,53,472.0,88.0,0.2641509433962264
DEN_ONT,33,819.0,140.0,0.2727272727272727
DEN_ORD,88,888.0,148.0,0.2159090909090909
DEN_ORF,9,1553.0,212.0,0.1111111111111111
DEN_OTH,1,1040.0,191.0,0.0
DEN_PAE,11,1036.0,183.0,0.2727272727272727
DEN_PBI,1,1679.0,232.0,0.0
DEN_PDX,68,991.0,165.0,0.29411764705882354
DEN_PHL,37,1558.0,214.0,0.2702702702702703
DEN_PHX,130,602.0,117.0,0.2230769230769231
DEN_PIR,3,385.0,89.0,0.3333333333333333
DEN_PIT,25,1290.0,175.0,0.24
DEN_PNS,3,1179.0,170.0,0.0
DEN_PRC,4,557.0,109.5,0.5
DEN_PSC,11,852.0,160.0,0.2727272727272727
DEN_PSP,19,776.0,140.0,0.3157894736842105
DEN_PUB,5,109.0,53.0,0.0
DEN_RAP,24,300.0,76.0,0.16666666666666666
DEN_RDM,8,898.0,165.5,0.125
DEN_RDU,23,1436.0,196.0,0.4782608695652174
DEN_RIC,5,1482.0,204.0,0.4
DEN_RIW,2,296.0,78.0,0.0
DEN_RKS,7,260.0,66.0,0.0
DEN_RNO,33,804.0,140.0,0.24242424242424243
DEN_RST,4,686.0,125.0,0.5
DEN_RSW,12,1607.0,216.5,0.25
DEN_SAF,2,303.0,74.5,0.0
DEN_SAN,63,853.0,145.0,0.12698412698412698
DEN_SAT,39,794.0,127.0,0.23076923076923078
DEN_SAV,3,1414.0,201.0,0.3333333333333333
DEN_SBA,8,916.0,157.0,0.125
DEN_SBP,10,931.0,169.0,0.2
DEN_SDF,12,1024.0,150.0,0.16666666666666666
DEN_SEA,86,1024.0,180.0,0.2558139534883721
DEN_SFO,62,967.0,165.0,0.1935483870967742
DEN_SGF,4,637.0,115.0,0.0
DEN_SGU,9,517.0,111.0,0.2222222222222222
DEN_SHR,5,359.0,86.0,0.2
DEN_SJC,37,948.0,159.0,0.16216216216216217
DEN_SLC,90,391.0,95.0,0.23333333333333334
DEN_SLN,3,383.0,85.0,0.3333333333333333
DEN_SMF,54,909.0,155.0,0.2222222222222222
DEN_SNA,35,846.0,146.0,0.14285714285714285
DEN_SRQ,3,1531.0,204.0,0.6666666666666666
DEN_STL,38,770.0,120.0,0.15789473684210525
DEN_STS,1,977.0,187.0,0.0
DEN_SUN,5,557.0,124.0,0.0
DEN_SUX,5,466.0,104.0,0.2
DEN_SYR,7,1492.0,202.0,0.14285714285714285
DEN_TPA,29,1506.0,205.0,0.20689655172413793
DEN_TUL,33,541.0,97.0,0.21212121212121213
DEN_TUS,42,639.0,125.0,0.19047619047619047
DEN_TVC,1,1032.0,158.0,0.0
DEN_TYS,12,1162.0,167.0,0.08333333333333333
DEN_VEL,2,259.0,74.0,0.0
DEN_WYS,2,469.0,108.0,0.0
DEN_XNA,8,616.0,114.5,0.125
DEN_XWA,10,582.0,119.5,0.1
DFW_ABI,27,158.0,60.0,0.07407407407407407
DFW_ABQ,40,569.0,113.5,0.25
DFW_ACT,25,89.0,47.0,0.28
DFW_AEX,15,285.0,74.0,0.06666666666666667
DFW_AGS,6,874.0,134.5,0.16666666666666666
DFW_AMA,29,312.0,78.0,0.10344827586206896
DFW_ANC,4,3043.0,405.0,0.25
DFW_ASE,12,701.0,147.5,0.4166666666666667
DFW_ATL,82,731.0,127.0,0.10975609756097561
DFW_AUS,67,190.0,63.0,0.2835820895522388
DFW_AVL,7,848.0,134.0,0.2857142857142857
DFW_BDL,4,1471.0,206.0,0.5
DFW_BFL,8,1271.0,211.5,0.125
DFW_BGR,1,1717.0,247.0,0.0
DFW_BHM,25,597.0,104.0,0.12
DFW_BIL,5,1081.0,182.0,0.4
DFW_BIS,17,977.0,165.0,0.058823529411764705
DFW_BMI,10,690.0,117.5,0.3
DFW_BNA,41,631.0,111.0,0.2926829268292683
DFW_BOI,9,1272.0,205.0,0.3333333333333333
DFW_BOS,53,1562.0,227.0,0.16981132075471697
DFW_BPT,13,270.0,82.0,0.07692307692307693
DFW_BRO,15,482.0,101.0,0.13333333333333333
DFW_BTR,32,383.0,85.0,0.09375
DFW_BUF,2,1212.0,173.0,0.5
DFW_BUR,12,1231.0,206.0,0.16666666666666666
DFW_BWI,17,1217.0,175.0,0.29411764705882354
DFW_BZN,12,1163.0,192.0,0.25
DFW_CAE,19,922.0,139.0,0.3157894736842105
DFW_CHA,20,695.0,120.0,0.1
DFW_CHS,23,987.0,150.0,0.30434782608695654
DFW_CID,12,685.0,121.0,0.08333333333333333
DFW_CLE,24,1021.0,159.0,0.2916666666666667
DFW_CLL,13,164.0,61.0,0.07692307692307693
DFW_CLT,67,936.0,153.0,0.2835820895522388
DFW_CMH,35,926.0,145.0,0.2571428571428571
DFW_CMI,8,692.0,125.0,0.375
DFW_COS,23,592.0,121.0,0.17391304347826086
DFW_COU,15,489.0,101.0,0.3333333333333333
DFW_CRP,33,354.0,85.0,0.18181818181818182
DFW_CSG,2,705.0,124.5,0.0
DFW_CVG,27,812.0,136.0,0.2962962962962963
DFW_CYS,3,713.0,142.0,0.3333333333333333
DFW_DAB,3,981.0,153.0,0.0
DFW_DAY,13,861.0,137.0,0.3076923076923077
DFW_DCA,47,1192.0,175.0,0.3404255319148936
DFW_DEN,97,641.0,127.0,0.25773195876288657
DFW_DRO,11,674.0,129.0,0.09090909090909091
DFW_DRT,8,335.0,92.5,0.0
DFW_DSM,16,624.0,112.0,0.0625
DFW_DTW,49,986.0,157.0,0.2857142857142857
DFW_ECP,11,685.0,121.0,0.18181818181818182
DFW_EGE,12,721.0,138.5,0.16666666666666666
DFW_ELP,49,551.0,106.0,0.30612244897959184
DFW_EVV,14,642.0,114.0,0.21428571428571427
DFW_EWR,43,1372.0,207.0,0.2558139534883721
DFW_EYW,5,1089.0,163.0,0.4
DFW_FAR,8,968.0,159.5,0.125
DFW_FAT,12,1313.0,208.0,0.4166666666666667
DFW_FAY,4,1051.0,164.0,0.25
DFW_FCA,1,1390.0,234.0,0.0
DFW_FLG,13,853.0,160.0,0.07692307692307693
DFW_FLL,43,1119.0,169.0,0.16279069767441862
DFW_FSD,15,737.0,124.0,0.06666666666666667
DFW_FSM,18,227.0,68.0,0.16666666666666666
DFW_FWA,18,859.0,143.0,0.16666666666666666
DFW_GCK,13,404.0,94.0,0.07692307692307693
DFW_GEG,8,1477.0,229.0,0.25
DFW_GGG,16,140.0,56.5,0.125
DFW_GJT,17,773.0,140.0,0.23529411764705882
DFW_GNV,10,900.0,147.0,0.2
DFW_GPT,12,500.0,94.0,0.0
DFW_GRI,10,561.0,117.0,0.1
DFW_GRK,35,134.0,57.0,0.11428571428571428
DFW_GRR,18,931.0,149.0,0.3333333333333333
DFW_GSO,13,999.0,152.0,0.3076923076923077
DFW_GSP,11,862.0,134.0,0.18181818181818182
DFW_GUC,1,678.0,133.0,0.0
DFW_HDN,2,769.0,150.0,0.0
DFW_HNL,10,3784.0,509.0,0.5
DFW_HOU,40,247.0,76.0,0.25
DFW_HRL,23,461.0,96.0,0.21739130434782608
DFW_HSV,27,603.0,109.0,0.2222222222222222
DFW_IAD,24,1172.0,172.5,0.16666666666666666
DFW_IAH,80,224.0,72.5,0.2
DFW_ICT,32,328.0,77.0,0.09375
DFW_IDA,3,1095.0,190.0,1.0
DFW_ILM,7,1106.0,167.0,0.14285714285714285
DFW_IND,25,761.0,129.0,0.16
DFW_JAC,6,1047.0,171.5,0.16666666666666666
DFW_JAN,30,408.0,84.5,0.1
DFW_JAX,25,918.0,138.0,0.36
DFW_JFK,29,1391.0,215.0,0.27586206896551724
DFW_JLN,9,327.0,83.0,0.2222222222222222
DFW_KOA,3,3724.0,516.0,0.6666666666666666
DFW_LAS,66,1055.0,177.0,0.24242424242424243
DFW_LAW,17,140.0,60.0,0.11764705882352941
DFW_LAX,97,1235.0,201.0,0.28865979381443296
DFW_LBB,35,282.0,73.0,0.14285714285714285
DFW_LCH,14,295.0,78.0,0.07142857142857142
DFW_LEX,16,785.0,129.0,0.125
DFW_LFT,25,351.0,83.0,0.12
DFW_LGA,85,1389.0,207.0,0.23529411764705882
DFW_LGB,3,1221.0,209.0,0.0
DFW_LIT,29,304.0,78.0,0.20689655172413793
DFW_LRD,20,396.0,91.5,0.1
DFW_MAF,31,309.0,76.0,0.22580645161290322
DFW_MCI,35,460.0,94.0,0.17142857142857143
DFW_MCO,76,985.0,160.0,0.25
DFW_MDT,7,1231.0,182.0,0.2857142857142857
DFW_MDW,2,797.0,134.5,0.0
DFW_MEI,3,485.0,101.0,0.6666666666666666
DFW_MEM,27,431.0,91.0,0.18518518518518517
DFW_MFE,24,469.0,94.5,0.2916666666666667
DFW_MGM,13,622.0,113.0,0.23076923076923078
DFW_MHK,20,431.0,94.5,0.1
DFW_MIA,54,1121.0,169.0,0.2037037037037037
DFW_MKE,13,853.0,142.0,0.23076923076923078
DFW_MLI,15,691.0,120.0,0.06666666666666667
DFW_MLU,22,293.0,77.0,0.045454545454545456
DFW_MOB,11,539.0,98.0,0.36363636363636365
DFW_MRY,8,1430.0,228.0,0.25
DFW_MSN,19,821.0,134.0,0.10526315789473684
DFW_MSO,10,1320.0,204.5,0.5
DFW_MSP,50,852.0,143.0,0.44
DFW_MSY,40,447.0,88.0,0.175
DFW_MTJ,7,722.0,141.0,0.42857142857142855
DFW_MYR,6,1048.0,157.0,0.3333333333333333
DFW_OAK,3,1457.0,223.0,0.3333333333333333
DFW_OGG,3,3711.0,485.0,0.3333333333333333
DFW_OKC,42,175.0,63.0,0.11904761904761904
DFW_OMA,28,583.0,109.0,0.25
DFW_ONT,32,1188.0,194.5,0.3125
DFW_ORD,100,801.0,144.5,0.16
DFW_ORF,14,1212.0,173.5,0.14285714285714285
DFW_PBI,14,1102.0,163.5,0.14285714285714285
DFW_PDX,32,1616.0,249.5,0.375
DFW_PHL,61,1303.0,193.0,0.18032786885245902
DFW_PHX,70,868.0,157.0,0.24285714285714285
DFW_PIA,14,672.0,115.0,0.14285714285714285
DFW_PIT,23,1067.0,160.0,0.13043478260869565
DFW_PNS,29,604.0,108.0,0.20689655172413793
DFW_PSP,8,1126.0,191.5,0.375
DFW_RAP,11,835.0,140.0,0.36363636363636365
DFW_RDU,26,1061.0,164.5,0.23076923076923078
DFW_RIC,11,1158.0,173.0,0.36363636363636365
DFW_RNO,13,1345.0,216.0,0.07692307692307693
DFW_ROW,6,435.0,98.5,0.0
DFW_RSW,15,1017.0,152.0,0.26666666666666666
DFW_SAF,17,551.0,116.0,0.17647058823529413
DFW_SAN,59,1171.0,189.0,0.1864406779661017
DFW_SAT,46,247.0,70.0,0.21739130434782608
DFW_SAV,12,925.0,144.5,0.25
DFW_SBA,7,1316.0,209.0,0.14285714285714285
DFW_SBN,11,846.0,146.0,0.0
DFW_SBP,5,1360.0,213.0,0.2
DFW_SDF,30,733.0,127.0,0.3333333333333333
DFW_SEA,51,1660.0,263.0,0.21568627450980393
DFW_SFO,56,1464.0,235.0,0.25
DFW_SGF,43,364.0,84.0,0.16279069767441862
DFW_SGU,5,976.0,178.0,0.2
DFW_SHV,25,190.0,64.0,0.12
DFW_SJC,17,1438.0,224.0,0.35294117647058826
DFW_SJT,26,229.0,67.0,0.11538461538461539
DFW_SJU,6,2165.0,289.0,0.3333333333333333
DFW_SLC,58,989.0,171.0,0.20689655172413793
DFW_SMF,29,1431.0,226.0,0.3103448275862069
DFW_SNA,41,1205.0,202.0,0.17073170731707318
DFW_SPI,8,630.0,116.5,0.25
DFW_SPS,11,113.0,59.0,0.2727272727272727
DFW_SRQ,4,945.0,149.0,0.25
DFW_STL,23,550.0,106.0,0.17391304347826086
DFW_STS,4,1495.0,237.0,0.0
DFW_STT,1,2225.0,309.0,0.0
DFW_SUX,2,657.0,128.0,0.0
DFW_SWO,10,225.0,70.0,0.1
DFW_SYR,3,1336.0,183.0,0.0
DFW_TLH,14,767.0,131.0,0.42857142857142855
DFW_TPA,54,929.0,146.0,0.25925925925925924
DFW_TRI,1,868.0,136.0,0.0
DFW_TUL,42,237.0,65.5,0.21428571428571427
DFW_TUS,23,813.0,145.0,0.17391304347826086
DFW_TVC,2,1022.0,162.0,0.5
DFW_TXK,11,181.0,62.0,0.0
DFW_TYR,23,102.0,49.0,0.2608695652173913
DFW_TYS,21,771.0,125.0,0.3333333333333333
DFW_VPS,29,641.0,118.0,0.20689655172413793
DFW_XNA,44,280.0,74.5,0.20454545454545456
DFW_YUM,5,1022.0,179.0,0.0
DHN_ATL,15,170.0,69.0,0.0
DIK_DEN,4,488.0,112.5,0.25
DLG_ANC,6,329.0,60.5,0.5
DLH_MSP,19,144.0,67.0,0.10526315789473684
DLH_ORD,14,397.0,108.5,0.2857142857142857
DRO_DEN,22,251.0,77.5,0.18181818181818182
DRO_DFW,10,674.0,119.0,0.5
DRO_LAS,1,418.0,99.0,0.0
DRO_PHX,9,351.0,89.0,0.0
DRO_SLC,1,339.0,81.0,0.0
DRT_DFW,7,335.0,87.0,0.0
DSM_ATL,19,743.0,127.0,0.05263157894736842
DSM_AZA,2,1137.5,183.5,0.5
DSM_BNA,3,530.0,90.0,0.6666666666666666
DSM_CLT,11,815.0,147.0,0.18181818181818182
DSM_DCA,9,897.0,144.0,0.1111111111111111
DSM_DEN,41,589.0,119.0,0.1951219512195122
DSM_DFW,12,624.0,123.5,0.3333333333333333
DSM_DTW,11,534.0,108.0,0.09090909090909091
DSM_FLL,2,1316.0,182.0,0.5
DSM_IAH,10,802.0,148.5,0.1
DSM_LAS,8,1216.0,180.0,0.375
DSM_LGA,4,1031.0,164.5,0.0
DSM_MCO,3,1141.0,171.0,0.0
DSM_MIA,1,1327.0,192.0,0.0
DSM_MSP,22,232.0,77.5,0.09090909090909091
DSM_ORD,38,299.0,86.0,0.2631578947368421
DSM_PDX,1,1471.0,213.0,1.0
DSM_PGD,1,1206.0,169.0,0.0
DSM_PHL,2,972.0,154.0,0.0
DSM_PHX,15,1149.0,191.0,0.2
DSM_PIE,4,1126.0,159.5,0.25
DSM_PSP,1,1355.0,213.0,0.0
DSM_SAN,1,1428.0,219.0,0.0
DSM_SFB,3,1124.0,162.0,0.0
DSM_STL,5,259.0,65.0,0.0
DSM_VPS,1,860.0,131.0,1.0
DTW_ABE,11,425.0,88.0,0.0
DTW_ALB,20,489.0,93.0,0.2
DTW_APN,6,198.0,67.0,0.3333333333333333
DTW_ATL,79,594.0,121.0,0.05063291139240506
DTW_ATW,11,296.0,85.0,0.2727272727272727
DTW_AUS,22,1149.0,186.5,0.13636363636363635
DTW_AVP,3,399.0,92.0,0.0
DTW_AZO,14,113.0,52.0,0.07142857142857142
DTW_BDL,13,549.0,99.0,0.07692307692307693
DTW_BGM,3,378.0,101.0,0.3333333333333333
DTW_BHM,12,625.0,117.0,0.08333333333333333
DTW_BMI,1,313.0,80.0,1.0
DTW_BNA,36,456.0,96.5,0.16666666666666666
DTW_BOS,36,632.0,114.0,0.25
DTW_BTV,6,537.0,103.5,0.5
DTW_BUF,14,241.0,67.0,0.0
DTW_BWI,36,409.0,90.5,0.25
DTW_CHA,10,505.0,105.0,0.0
DTW_CHS,9,667.0,125.0,0.2222222222222222
DTW_CID,6,430.0,101.0,0.0
DTW_CIU,6,284.0,76.0,0.0
DTW_CLE,24,95.0,53.0,0.20833333333333334
DTW_CLT,55,500.0,115.0,0.01818181818181818
DTW_CMH,24,155.0,61.5,0.2916666666666667
DTW_CVG,15,229.0,70.0,0.06666666666666667
DTW_CWA,6,363.0,86.5,0.3333333333333333
DTW_DAL,1,981.0,160.0,1.0
DTW_DAY,14,166.0,61.0,0.07142857142857142
DTW_DCA,50,405.0,92.5,0.06
DTW_DEN,33,1123.0,190.0,0.12121212121212122
DTW_DFW,51,986.0,178.0,0.0784313725490196
DTW_DSM,11,534.0,113.0,0.0
DTW_ELM,19,332.0,73.0,0.05263157894736842
DTW_ERI,3,164.0,58.0,0.3333333333333333
DTW_ESC,3,306.0,81.0,0.0
DTW_EVV,4,363.0,88.0,0.0
DTW_EWR,39,488.0,107.0,0.28205128205128205
DTW_FLL,43,1127.0,181.0,0.18604651162790697
DTW_FWA,8,128.0,63.0,0.25
DTW_GRB,18,287.0,81.5,0.1111111111111111
DTW_GRR,28,120.0,53.5,0.10714285714285714
DTW_GSO,5,460.0,103.0,0.2
DTW_GSP,4,508.0,104.0,0.0
DTW_HNL,1,4475.0,595.0,0.0
DTW_HOU,1,1092.0,190.0,0.0
DTW_HPN,11,505.0,104.0,0.0
DTW_HSV,3,554.0,112.0,0.0
DTW_IAD,34,383.0,89.5,0.058823529411764705
DTW_IAH,47,1075.0,195.0,0.14893617021276595
DTW_IMT,7,344.0,89.0,0.0
DTW_IND,31,231.0,69.0,0.06451612903225806
DTW_ITH,6,353.0,79.5,0.16666666666666666
DTW_JAC,1,1387.0,218.0,0.0
DTW_JAX,14,813.0,140.0,0.07142857142857142
DTW_JFK,25,509.0,113.0,0.12
DTW_LAN,23,74.0,48.0,0.13043478260869565
DTW_LAS,52,1749.0,265.0,0.15384615384615385
DTW_LAX,46,1979.0,302.5,0.21739130434782608
DTW_LEX,26,296.0,79.0,0.19230769230769232
DTW_LGA,55,502.0,109.0,0.21818181818181817
DTW_LIT,2,705.0,135.0,0.0
DTW_LSE,6,416.0,94.0,0.0
DTW_MBS,15,98.0,53.0,0.06666666666666667
DTW_MCI,18,629.0,127.0,0.1111111111111111
DTW_MCO,44,957.0,161.0,0.18181818181818182
DTW_MDT,16,371.0,83.0,0.25
DTW_MDW,29,228.0,70.0,0.1724137931034483
DTW_MEM,9,610.0,125.0,0.0
DTW_MIA,25,1145.0,185.0,0.28
DTW_MKE,20,237.0,74.0,0.0
DTW_MLI,2,373.0,102.5,0.5
DTW_MQT,9,349.0,90.0,0.1111111111111111
DTW_MSN,26,311.0,81.0,0.0
DTW_MSP,27,528.0,114.0,0.2222222222222222
DTW_MSY,13,926.0,152.0,0.0
DTW_MYR,6,636.0,111.5,0.0
DTW_OKC,2,900.0,169.0,0.5
DTW_OMA,15,651.0,127.0,0.2
DTW_ORD,73,235.0,86.0,0.1232876712328767
DTW_ORF,7,529.0,105.0,0.2857142857142857
DTW_ORH,2,588.0,113.0,0.0
DTW_PBI,3,1086.0,174.0,0.0
DTW_PDX,8,1953.0,293.0,0.25
DTW_PHL,44,453.0,102.0,0.18181818181818182
DTW_PHX,49,1671.0,268.0,0.16326530612244897
DTW_PIT,20,201.0,64.5,0.25
DTW_PLN,16,243.0,72.0,0.25
DTW_PVD,11,615.0,112.0,0.36363636363636365
DTW_PWM,10,668.0,112.0,0.2
DTW_RDU,27,501.0,102.0,0.07407407407407407
DTW_RIC,9,456.0,101.0,0.3333333333333333
DTW_ROC,28,296.0,78.0,0.17857142857142858
DTW_RSW,36,1084.0,171.0,0.19444444444444445
DTW_SAN,13,1956.0,287.0,0.23076923076923078
DTW_SAT,11,1214.0,202.0,0.09090909090909091
DTW_SAV,3,705.0,123.0,0.6666666666666666
DTW_SBN,21,157.0,60.0,0.23809523809523808
DTW_SCE,9,301.0,76.0,0.2222222222222222
DTW_SDF,23,306.0,85.0,0.08695652173913043
DTW_SEA,23,1927.0,298.0,0.043478260869565216
DTW_SFO,26,2079.0,308.0,0.11538461538461539
DTW_SJC,1,2062.0,304.0,0.0
DTW_SJU,1,1930.0,300.0,0.0
DTW_SLC,24,1481.0,236.0,0.20833333333333334
DTW_SNA,3,1960.0,291.0,0.0
DTW_SRQ,2,1022.0,155.5,0.0
DTW_STL,26,440.0,99.5,0.11538461538461539
DTW_SWF,1,479.0,103.0,0.0
DTW_SYR,20,374.0,82.5,0.25
DTW_TPA,31,983.0,157.0,0.0967741935483871
DTW_TTN,2,464.0,99.5,0.0
DTW_TVC,14,207.0,68.5,0.14285714285714285
DTW_TYS,19,443.0,96.0,0.10526315789473684
DVL_DEN,8,638.0,131.5,0.25
DVL_JMS,2,83.0,45.5,0.5
EAR_DEN,10,305.0,83.0,0.1
EAR_ORD,3,583.0,113.0,0.3333333333333333
EAT_SEA,3,99.0,50.0,0.0
EAU_CMX,1,215.0,60.0,0.0
EAU_ORD,9,269.0,83.0,0.3333333333333333
ECP_ATL,39,240.0,69.0,0.10256410256410256
ECP_AUS,1,710.0,135.0,0.0
ECP_BNA,12,401.0,80.0,0.16666666666666666
ECP_BWI,1,798.0,125.0,0.0
ECP_CLT,15,437.0,100.0,0.06666666666666667
ECP_DAL,6,674.0,117.5,0.3333333333333333
ECP_DCA,3,769.0,135.0,0.0
ECP_DEN,1,1250.0,210.0,0.0
ECP_DFW,10,685.0,140.0,0.2
ECP_HOU,8,571.0,110.0,0.125
ECP_IAH,4,572.0,119.5,0.25
ECP_IND,1,646.0,110.0,0.0
ECP_MDW,2,795.0,135.0,0.5
ECP_PHL,2,886.0,152.0,0.0
ECP_STL,3,634.0,115.0,0.0
EGE_ASE,1,29.0,35.0,0.0
EGE_ATL,1,1312.0,183.0,0.0
EGE_DEN,8,120.0,67.5,0.125
EGE_DFW,9,721.0,130.0,0.2222222222222222
EGE_EWR,3,1725.0,241.0,0.3333333333333333
EGE_IAD,1,1573.0,199.0,0.0
EGE_JFK,1,1746.0,241.0,1.0
EGE_LAX,3,748.0,141.0,0.3333333333333333
EGE_MIA,1,1810.0,245.0,0.0
EGE_ORD,5,1007.0,168.0,0.6
EGE_PHX,2,513.0,116.0,0.5
EGE_SFO,2,847.0,161.0,0.5
EKO_SLC,5,200.0,58.0,0.0
ELM_DTW,11,332.0,83.0,0.09090909090909091
ELM_PIE,1,1035.0,162.0,0.0
ELM_SFB,2,954.0,154.0,0.0
ELP_ATL,8,1282.0,177.0,0.0
ELP_AUS,17,528.0,95.0,0.29411764705882354
ELP_DAL,24,562.0,100.0,0.125
ELP_DEN,17,563.0,115.0,0.058823529411764705
ELP_DFW,40,551.0,106.0,0.125
ELP_HOU,16,677.0,110.0,0.25
ELP_IAH,13,667.0,119.0,0.07692307692307693
ELP_LAS,9,583.0,110.0,0.2222222222222222
ELP_LAX,12,715.0,130.0,0.0
ELP_ORD,12,1236.0,187.0,0.08333333333333333
ELP_PHX,36,347.0,85.0,0.1388888888888889
ELP_SAN,1,636.0,115.0,0.0
ELP_SAT,13,496.0,85.0,0.23076923076923078
ELP_SEA,3,1368.0,230.0,0.6666666666666666
ERI_CLT,3,476.0,120.0,0.0
ERI_DTW,3,164.0,73.0,0.0
ERI_ORD,3,398.0,107.0,0.0
ESC_DTW,6,306.0,75.5,0.5
ESC_MSP,2,304.0,78.5,0.5
EUG_AZA,1,971.0,145.0,0.0
EUG_DEN,12,996.0,156.5,0.08333333333333333
EUG_DFW,2,1606.0,230.0,0.0
EUG_LAS,3,700.0,120.0,0.3333333333333333
EUG_LAX,14,748.0,135.0,0.07142857142857142
EUG_OAK,5,445.0,90.0,0.0
EUG_ORD,1,1780.0,246.0,0.0
EUG_PHX,6,952.0,154.5,0.5
EUG_SAN,1,850.0,125.0,1.0
EUG_SEA,44,234.0,75.5,0.13636363636363635
EUG_SFO,14,451.0,99.0,0.07142857142857142
EUG_SLC,9,618.0,115.0,0.1111111111111111
EUG_SNA,1,776.0,130.0,1.0
EVV_ATL,16,350.0,87.0,0.125
EVV_CLT,1,414.0,109.0,0.0
EVV_DFW,15,642.0,141.0,0.26666666666666666
EVV_DTW,10,363.0,91.0,0.0
EVV_ORD,3,272.0,96.0,0.3333333333333333
EVV_SFB,1,734.0,115.0,0.0
EWN_ATL,7,433.0,102.0,0.0
EWN_CLT,14,221.0,84.5,0.21428571428571427
EWR_ACK,1,218.0,82.0,1.0
EWR_ALB,3,143.0,74.0,0.0
EWR_ANC,1,3370.0,463.0,1.0
EWR_ATL,62,746.0,144.5,0.24193548387096775
EWR_AUS,26,1504.0,250.0,0.19230769230769232
EWR_AVL,6,583.0,131.5,0.0
EWR_BGR,4,393.0,95.0,0.0
EWR_BNA,29,748.0,154.0,0.1724137931034483
EWR_BOS,60,200.0,74.5,0.18333333333333332
EWR_BQN,5,1585.0,233.0,0.4
EWR_BTV,7,266.0,80.0,0.2857142857142857
EWR_BUF,7,282.0,86.0,0.42857142857142855
EWR_BWI,1,169.0,70.0,0.0
EWR_BZN,3,1882.0,306.0,0.0
EWR_CAK,1,382.0,112.0,0.0
EWR_CHS,17,628.0,130.0,0.11764705882352941
EWR_CLE,28,404.0,104.0,0.17857142857142858
EWR_CLT,70,529.0,125.0,0.15714285714285714
EWR_CMH,16,463.0,117.5,0.25
EWR_CVG,34,569.0,134.0,0.23529411764705882
EWR_DCA,10,199.0,84.0,0.3
EWR_DEN,30,1605.0,265.0,0.23333333333333334
EWR_DFW,40,1372.0,231.0,0.225
EWR_DTW,41,488.0,121.0,0.24390243902439024
EWR_EYW,14,1196.0,204.0,0.35714285714285715
EWR_FLL,76,1065.0,185.0,0.21052631578947367
EWR_GRR,4,605.0,134.5,0.0
EWR_GSO,4,445.0,112.5,0.25
EWR_GSP,12,594.0,129.5,0.25
EWR_HDN,1,1728.0,295.0,0.0
EWR_HHH,1,687.0,140.0,1.0
EWR_HNL,1,4962.0,684.0,0.0
EWR_IAD,26,212.0,82.5,0.19230769230769232
EWR_IAH,40,1400.0,233.0,0.25
EWR_ILM,1,488.0,121.0,0.0
EWR_IND,26,645.0,140.0,0.23076923076923078
EWR_JAC,7,1874.0,301.0,0.0
EWR_JAX,19,820.0,153.0,0.42105263157894735
EWR_LAS,32,2227.0,337.5,0.34375
EWR_LAX,77,2454.0,366.0,0.2597402597402597
EWR_MCI,9,1092.0,192.0,0.3333333333333333
EWR_MCO,90,937.0,171.0,0.25555555555555554
EWR_MDT,2,141.0,69.0,0.0
EWR_MDW,8,711.0,150.0,0.25
EWR_MEM,6,946.0,180.0,0.5
EWR_MHT,4,209.0,80.0,0.75
EWR_MIA,53,1085.0,189.0,0.24528301886792453
EWR_MKE,5,725.0,149.0,0.6
EWR_MSN,3,799.0,162.0,0.6666666666666666
EWR_MSP,36,1008.0,189.5,0.16666666666666666
EWR_MSY,18,1167.0,192.5,0.2777777777777778
EWR_MTJ,2,1795.0,293.0,0.5
EWR_MYR,13,550.0,118.0,0.0
EWR_OAK,1,2555.0,372.0,1.0
EWR_OGG,1,4904.0,652.0,0.0
EWR_OMA,1,1134.0,213.0,0.0
EWR_ORD,84,719.0,157.0,0.23809523809523808
EWR_ORF,9,284.0,84.0,0.4444444444444444
EWR_PBI,49,1023.0,178.0,0.22448979591836735
EWR_PDX,17,2434.0,374.0,0.23529411764705882
EWR_PHL,2,80.0,48.5,1.0
EWR_PHX,34,2133.0,326.0,0.29411764705882354
EWR_PIT,31,319.0,92.0,0.0967741935483871
EWR_PNS,1,1015.0,173.0,0.0
EWR_PVD,11,160.0,68.0,0.36363636363636365
EWR_PWM,18,284.0,83.0,0.16666666666666666
EWR_RDU,27,416.0,109.0,0.2222222222222222
EWR_RIC,11,277.0,94.0,0.18181818181818182
EWR_ROC,6,246.0,83.5,0.6666666666666666
EWR_RSW,22,1068.0,187.5,0.5
EWR_SAN,17,2425.0,368.0,0.29411764705882354
EWR_SAT,10,1569.0,247.0,0.0
EWR_SAV,9,708.0,138.0,0.4444444444444444
EWR_SDF,6,642.0,148.0,0.3333333333333333
EWR_SEA,31,2402.0,379.0,0.25806451612903225
EWR_SFO,60,2565.0,382.0,0.2
EWR_SJC,1,2548.0,390.0,0.0
EWR_SJU,32,1608.0,236.0,0.34375
EWR_SLC,12,1969.0,313.5,0.25
EWR_SMF,2,2500.0,379.0,1.0
EWR_SNA,15,2434.0,372.0,0.13333333333333333
EWR_SRQ,8,1034.0,179.0,0.125
EWR_STL,10,872.0,174.5,0.1
EWR_STT,5,1634.0,234.0,0.0
EWR_SYR,4,195.0,74.0,0.5
EWR_TPA,53,997.0,179.0,0.18867924528301888
EWR_TYS,1,631.0,125.0,1.0
EWR_VPS,1,988.0,160.0,1.0
EWR_XNA,1,1131.0,224.0,0.0
EYW_ATL,23,646.0,119.0,0.21739130434782608
EYW_AVL,2,751.0,125.0,0.0
EYW_BOS,3,1373.0,205.0,0.0
EYW_CLT,19,736.0,137.0,0.3684210526315789
EYW_DCA,6,1023.0,164.0,0.3333333333333333
EYW_DFW,10,1089.0,195.0,0.1
EYW_EWR,6,1196.0,191.0,0.16666666666666666
EYW_IAH,2,915.0,178.5,0.5
EYW_IND,1,1078.0,170.0,0.0
EYW_JFK,2,1201.0,188.5,0.0
EYW_LGA,7,1207.0,188.0,0.0
EYW_MIA,19,126.0,47.0,0.15789473684210525
EYW_ORD,5,1251.0,212.0,0.2
EYW_PHL,4,1121.0,180.0,0.5
EYW_SFB,1,292.0,70.0,0.0
FAI_ANC,35,261.0,62.0,0.05714285714285714
FAI_MSP,1,2466.0,314.0,0.0
FAI_ORD,2,2785.0,352.0,0.5
FAI_SCC,2,373.0,74.0,0.0
FAI_SEA,28,1533.0,215.0,0.25
FAR_AZA,1,1220.0,187.0,0.0
FAR_DEN,19,627.0,130.0,0.2631578947368421
FAR_DFW,11,968.0,164.0,0.45454545454545453
FAR_LAS,2,1205.0,186.5,0.0
FAR_MSP,25,223.0,70.0,0.16
FAR_ORD,20,557.0,120.5,0.35
FAR_PHX,4,1225.0,212.5,0.0
FAR_PIE,1,1519.0,199.0,0.0
FAR_SFB,1,1508.0,206.0,0.0
FAT_DEN,26,844.0,143.0,0.11538461538461539
FAT_DFW,9,1313.0,192.0,0.2222222222222222
FAT_LAS,15,259.0,65.0,0.4666666666666667
FAT_LAX,18,209.0,75.5,0.2222222222222222
FAT_ORD,3,1730.0,230.0,0.3333333333333333
FAT_PDX,8,626.0,112.5,0.0
FAT_PHX,12,493.0,100.0,0.3333333333333333
FAT_SAN,15,314.0,72.0,0.0
FAT_SEA,11,748.0,140.0,0.18181818181818182
FAT_SFO,16,158.0,62.0,0.125
FAT_SLC,16,501.0,104.0,0.25
FAY_ATL,23,331.0,90.0,0.13043478260869565
FAY_CLT,24,118.0,72.0,0.16666666666666666
FAY_DFW,2,1051.0,195.5,0.0
FCA_DEN,15,752.0,135.0,0.2
FCA_DFW,1,1390.0,210.0,0.0
FCA_LAS,1,845.0,136.0,0.0
FCA_LAX,1,1014.0,187.0,0.0
FCA_LGA,1,2035.0,258.0,1.0
FCA_MSP,9,1026.0,155.0,0.1111111111111111
FCA_ORD,8,1352.0,205.5,0.125
FCA_SEA,4,379.0,95.5,0.0
FCA_SFO,2,844.0,153.0,0.0
FCA_SLC,10,531.0,106.5,0.0
FLG_DFW,13,853.0,149.0,0.15384615384615385
FLG_PHX,20,119.0,59.5,0.25
FLL_ABE,1,1041.0,169.0,1.0
FLL_ACY,8,977.0,150.5,0.375
FLL_ALB,9,1204.0,182.0,0.3333333333333333
FLL_ATL,128,581.0,116.0,0.203125
FLL_AUS,19,1105.0,187.0,0.3157894736842105
FLL_AVL,9,660.0,116.0,0.3333333333333333
FLL_BDL,14,1173.0,177.5,0.21428571428571427
FLL_BGR,1,1438.0,200.0,0.0
FLL_BLV,1,1028.0,156.0,0.0
FLL_BNA,39,793.0,142.0,0.3076923076923077
FLL_BOS,46,1237.0,190.0,0.17391304347826086
FLL_BQN,5,982.0,148.0,0.4
FLL_BUF,5,1166.0,185.0,0.0
FLL_BWI,62,925.0,150.0,0.12903225806451613
FLL_CHS,5,470.0,102.0,0.2
FLL_CLE,12,1062.0,170.5,0.08333333333333333
FLL_CLT,42,632.0,126.5,0.14285714285714285
FLL_CMH,10,973.0,156.5,0.5
FLL_CVG,12,932.0,151.0,0.3333333333333333
FLL_DAL,13,1108.0,185.0,0.23076923076923078
FLL_DCA,22,899.0,150.0,0.36363636363636365
FLL_DEN,19,1703.0,265.0,0.2631578947368421
FLL_DFW,48,1119.0,197.5,0.125
FLL_DSM,1,1315.0,191.0,0.0
FLL_DTW,33,1127.0,180.0,0.2727272727272727
FLL_EWR,74,1065.0,181.5,0.20270270270270271
FLL_GRR,3,1198.0,184.0,0.3333333333333333
FLL_GSO,1,691.0,122.0,0.0
FLL_GSP,2,620.0,114.5,0.0
FLL_HOU,16,957.0,170.0,0.125
FLL_HPN,8,1097.0,177.0,0.125
FLL_IAD,19,901.0,150.0,0.10526315789473684
FLL_IAH,31,966.0,172.0,0.12903225806451613
FLL_IND,6,1005.0,168.5,0.16666666666666666
FLL_ISP,5,1092.0,170.0,0.0
FLL_JAX,11,319.0,80.0,0.18181818181818182
FLL_JFK,59,1069.0,175.0,0.3050847457627119
FLL_LAS,9,2173.0,326.0,0.4444444444444444
FLL_LAX,33,2343.0,348.0,0.3333333333333333
FLL_LBE,6,980.0,160.5,0.16666666666666666
FLL_LEX,3,865.0,140.0,0.0
FLL_LGA,62,1076.0,179.0,0.24193548387096775
FLL_MCI,8,1242.0,201.5,0.125
FLL_MCO,24,177.0,68.0,0.4583333333333333
FLL_MDW,19,1167.0,190.0,0.0
FLL_MEM,2,851.0,154.0,0.5
FLL_MKE,1,1243.0,195.0,1.0
FLL_MSP,7,1487.0,231.0,0.5714285714285714
FLL_MSY,32,674.0,128.0,0.125
FLL_MYR,8,529.0,107.5,0.0
FLL_ORD,41,1182.0,199.0,0.1951219512195122
FLL_ORF,1,781.0,129.0,0.0
FLL_ORH,2,1211.0,192.5,0.0
FLL_PBG,1,1334.0,188.0,1.0
FLL_PHL,44,992.0,165.0,0.3409090909090909
FLL_PHX,4,1972.0,307.0,0.25
FLL_PIT,12,994.0,160.0,0.4166666666666667
FLL_PNS,2,525.0,103.0,0.0
FLL_PVD,8,1188.0,177.5,0.0
FLL_RDU,18,680.0,126.0,0.2777777777777778
FLL_RIC,11,805.0,135.0,0.36363636363636365
FLL_ROC,1,1183.0,185.0,1.0
FLL_SAN,2,2269.0,330.0,0.5
FLL_SAT,4,1145.0,192.5,0.25
FLL_SDF,3,895.0,158.0,0.0
FLL_SEA,7,2717.0,395.0,0.14285714285714285
FLL_SFO,16,2584.0,386.5,0.3125
FLL_SJU,46,1046.0,155.0,0.2826086956521739
FLL_SLC,9,2084.0,313.0,0.1111111111111111
FLL_STL,15,1057.0,175.0,0.2
FLL_STT,7,1107.0,165.0,0.42857142857142855
FLL_STX,5,1140.0,167.0,0.0
FLL_SWF,3,1118.0,184.0,0.3333333333333333
FLL_SYR,2,1197.0,181.5,0.0
FLL_TPA,26,197.0,70.0,0.19230769230769232
FLL_TTN,1,1026.0,173.0,1.0
FLL_TYS,6,708.0,120.0,0.5
FLL_USA,12,643.0,118.0,0.16666666666666666
FLL_XNA,1,1092.0,176.0,0.0
FNT_ATL,6,645.0,133.5,0.16666666666666666
FNT_AZA,1,1650.0,251.0,1.0
FNT_CLT,11,555.0,121.0,0.09090909090909091
FNT_ORD,18,223.0,81.0,0.2222222222222222
FNT_PGD,3,1111.0,166.0,0.6666666666666666
FNT_PIE,4,1040.0,159.0,0.5
FNT_SFB,3,988.0,152.0,0.3333333333333333
FNT_SRQ,3,1075.0,164.0,0.3333333333333333
FOD_MCW,1,61.0,36.0,0.0
FOD_ORD,3,325.0,101.0,0.0
FSD_ATL,2,954.0,148.0,0.0
FSD_AUS,1,925.0,147.0,0.0
FSD_AZA,4,1072.0,166.5,0.25
FSD_CLT,3,1021.0,190.0,0.0
FSD_DEN,27,483.0,110.0,0.25925925925925924
FSD_DFW,14,737.0,136.5,0.21428571428571427
FSD_LAS,3,1104.0,173.0,0.6666666666666666
FSD_MSP,19,196.0,71.0,0.05263157894736842
FSD_ORD,21,463.0,106.0,0.2857142857142857
FSD_PHX,7,1081.0,178.0,0.14285714285714285
FSD_PIE,1,1334.0,188.0,1.0
FSD_SAN,1,1336.0,194.0,1.0
FSM_ATL,4,579.0,114.0,0.25
FSM_DFW,18,227.0,69.0,0.2222222222222222
FWA_ATL,17,508.0,117.0,0.0
FWA_AZA,4,1546.0,240.5,0.0
FWA_CLT,4,460.0,110.0,0.5
FWA_DFW,7,859.0,168.0,0.0
FWA_DTW,13,128.0,63.0,0.3076923076923077
FWA_MSP,2,488.0,114.0,0.0
FWA_ORD,20,157.0,71.0,0.3
FWA_PGD,4,986.0,150.0,0.25
FWA_PIE,5,912.0,136.0,0.2
FWA_SRQ,1,948.0,138.0,1.0
GCC_DEN,8,313.0,85.0,0.125
GCK_DFW,16,404.0,90.0,0.3125
GEG_ATL,2,1969.0,251.5,0.0
GEG_BOI,10,287.0,68.0,0.0
GEG_DEN,26,836.0,135.0,0.19230769230769232
GEG_DFW,9,1477.0,214.0,0.1111111111111111
GEG_LAS,12,806.0,135.0,0.4166666666666667
GEG_LAX,10,945.0,166.0,0.1
GEG_MDW,1,1511.0,200.0,0.0
GEG_MSP,15,1175.0,167.0,0.0
GEG_OAK,9,723.0,125.0,0.4444444444444444
GEG_ORD,1,1498.0,205.0,0.0
GEG_PAE,2,222.0,63.0,0.0
GEG_PDX,10,279.0,74.5,0.2
GEG_PHX,10,1020.0,157.0,0.0
GEG_SAN,3,1027.0,165.0,0.0
GEG_SEA,66,224.0,76.0,0.12121212121212122
GEG_SFO,9,733.0,143.0,0.1111111111111111
GEG_SJC,6,742.0,129.0,0.16666666666666666
GEG_SLC,26,546.0,103.0,0.11538461538461539
GEG_SMF,10,649.0,110.0,0.1
GFK_MSP,27,284.0,82.0,0.1111111111111111
GFK_SFB,1,1573.0,211.0,0.0
GGG_DFW,13,140.0,63.0,0.15384615384615385
GJT_DEN,14,212.0,72.5,0.2857142857142857
GJT_DFW,12,773.0,126.5,0.08333333333333333
GJT_LAS,2,420.0,82.5,0.5
GJT_MTJ,1,54.0,29.0,0.0
GJT_PHX,12,438.0,99.5,0.0
GJT_SLC,7,216.0,64.0,0.0
GNV_ATL,25,300.0,82.0,0.08
GNV_CLT,20,388.0,94.0,0.15
GNV_DFW,5,900.0,167.0,0.2
GNV_MIA,1,294.0,65.0,0.0
GPT_ATL,24,352.0,81.0,0.16666666666666666
GPT_CLT,13,577.0,113.0,0.07692307692307693
GPT_DFW,7,500.0,116.0,0.14285714285714285
GPT_IAH,5,376.0,93.0,0.2
GRB_ATL,10,774.0,140.0,0.0
GRB_DTW,22,287.0,79.0,0.0
GRB_MSP,15,252.0,79.0,0.06666666666666667
GRB_ORD,20,174.0,71.5,0.1
GRI_DFW,8,561.0,112.0,0.375
GRI_LAS,1,971.0,149.0,0.0
GRK_DFW,32,134.0,62.0,0.25
GRK_IAH,5,166.0,64.0,0.2
GRR_ATL,20,640.0,112.5,0.0
GRR_AUS,2,1103.0,168.5,0.0
GRR_AZA,1,1561.0,245.0,0.0
GRR_BNA,2,470.0,98.5,0.5
GRR_BOS,1,740.0,125.0,0.0
GRR_BWI,10,528.0,100.0,0.3
GRR_CLT,7,583.0,116.0,0.0
GRR_DCA,9,524.0,104.0,0.5555555555555556
GRR_DEN,13,1015.0,182.0,0.3076923076923077
GRR_DFW,17,931.0,164.0,0.4117647058823529
GRR_DTW,25,120.0,56.0,0.08
GRR_EWR,10,605.0,123.5,0.4
GRR_IAH,9,1042.0,182.0,0.2222222222222222
GRR_LAS,2,1642.0,250.0,0.5
GRR_LGA,11,618.0,119.0,0.18181818181818182
GRR_MCO,5,1024.0,165.0,0.0
GRR_MDW,13,137.0,60.0,0.07692307692307693
GRR_MIA,5,1214.0,207.0,0.2
GRR_MSP,16,408.0,92.0,0.1875
GRR_ORD,45,137.0,67.0,0.26666666666666666
GRR_PGD,3,1118.0,169.0,0.0
GRR_PHL,3,573.0,109.0,0.3333333333333333
GRR_PHX,2,1574.0,258.0,0.0
GRR_PIE,7,1044.0,162.0,0.2857142857142857
GRR_SFB,6,1001.0,150.0,0.0
GRR_SRQ,1,1080.0,161.0,0.0
GRR_TPA,2,1041.0,165.0,0.0
GRR_VPS,2,857.0,135.0,0.0
GSO_ATL,34,306.0,85.0,0.058823529411764705
GSO_CLT,33,83.0,67.0,0.09090909090909091
GSO_DCA,17,248.0,74.0,0.29411764705882354
GSO_DFW,14,999.0,188.0,0.07142857142857142
GSO_DTW,7,460.0,104.0,0.0
GSO_EWR,9,445.0,112.0,0.2222222222222222
GSO_LGA,25,461.0,104.0,0.12
GSO_MCO,3,535.0,107.0,0.3333333333333333
GSO_MIA,4,710.0,130.5,0.0
GSO_ORD,6,589.0,133.0,0.3333333333333333
GSO_PHL,3,365.0,90.0,0.3333333333333333
GSO_PIE,2,587.0,107.0,0.0
GSO_SFB,2,510.0,93.5,1.0
GSP_ATL,47,153.0,65.0,0.06382978723404255
GSP_BWI,1,426.0,90.0,0.0
GSP_CLT,36,75.0,68.5,0.1388888888888889
GSP_DCA,7,396.0,93.0,0.0
GSP_DEN,5,1278.0,219.0,0.0
GSP_DFW,11,862.0,162.0,0.36363636363636365
GSP_DTW,5,508.0,108.0,0.0
GSP_EWR,14,594.0,123.5,0.35714285714285715
GSP_FLL,2,620.0,107.5,0.0
GSP_HOU,3,845.0,150.0,0.0
GSP_IAD,4,384.0,87.5,0.0
GSP_IAH,7,837.0,163.0,0.14285714285714285
GSP_LGA,7,610.0,117.0,0.2857142857142857
GSP_MCO,1,449.0,95.0,0.0
GSP_MIA,3,637.0,117.0,0.0
GSP_ORD,12,577.0,129.0,0.25
GSP_PHL,9,515.0,105.0,0.1111111111111111
GSP_PIE,1,482.0,88.0,0.0
GSP_SFB,2,425.0,82.0,0.0
GST_JNU,1,41.0,25.0,0.0
GTF_AZA,1,978.0,140.0,1.0
GTF_DEN,10,623.0,117.5,0.2
GTF_HLN,1,67.0,41.0,0.0
GTF_LAS,1,811.0,124.0,0.0
GTF_MSP,4,887.0,136.5,0.25
GTF_ORD,2,1211.0,192.0,0.0
GTF_SEA,7,512.0,114.0,0.2857142857142857
GTF_SLC,13,463.0,94.0,0.0
GTR_ATL,14,241.0,77.5,0.0
GUC_DEN,6,152.0,64.0,0.3333333333333333
GUC_DFW,4,678.0,118.5,0.25
GUM_HNL,11,3801.0,435.0,0.36363636363636365
GUM_SFO,1,5812.0,650.0,0.0
GUM_SPN,6,129.0,43.0,0.16666666666666666
HDN_ATL,1,1340.0,193.0,0.0
HDN_DEN,20,141.0,66.0,0.25
HDN_DFW,2,769.0,134.5,0.0
HDN_IAD,1,1582.0,215.0,0.0
HDN_IAH,2,985.0,164.0,0.0
HDN_LAX,2,763.0,150.5,0.0
HDN_ORD,3,1009.0,169.0,0.0
HDN_SEA,1,891.0,171.0,0.0
HGR_MYR,2,421.0,78.5,0.5
HGR_SFB,1,780.0,124.0,1.0
HHH_ATL,15,238.0,75.0,0.2
HHH_CLT,16,207.0,78.5,0.25
HHH_DCA,1,501.0,96.0,0.0
HHH_IAD,4,498.0,98.5,0.25
HHH_LGA,1,701.0,122.0,0.0
HHH_PHL,1,609.0,114.0,0.0
HHH_SAV,1,30.0,39.0,0.0
HIB_MSP,6,174.0,64.0,0.3333333333333333
HLN_DEN,6,594.0,121.0,0.3333333333333333
HLN_SEA,1,491.0,118.0,0.0
HLN_SLC,10,402.0,91.5,0.2
HNL_ANC,1,2777.0,368.0,1.0
HNL_ATL,5,4502.0,508.0,0.2
HNL_AUS,2,3764.0,435.0,1.0
HNL_BOS,3,5095.0,585.0,0.6666666666666666
HNL_CLT,1,4678.0,553.0,0.0
HNL_DEN,7,3365.0,398.0,0.2857142857142857
HNL_DFW,10,3784.0,442.0,0.1
HNL_EWR,2,4962.0,576.0,0.0
HNL_GUM,8,3801.0,462.5,0.375
HNL_IAH,8,3904.0,454.0,0.0
HNL_ITO,73,216.0,55.0,0.1232876712328767
HNL_JFK,5,4983.0,580.0,0.0
HNL_KOA,80,163.0,48.0,0.1375
HNL_LAS,15,2762.0,345.0,0.06666666666666667
HNL_LAX,81,2556.0,328.0,0.18518518518518517
HNL_LGB,6,2569.0,325.0,0.0
HNL_LIH,88,102.0,42.0,0.10227272727272728
HNL_MCO,1,4757.0,550.0,0.0
HNL_MSP,2,3972.0,473.0,0.0
HNL_OAK,18,2409.0,315.0,0.2222222222222222
HNL_OGG,139,100.0,42.0,0.1223021582733813
HNL_ONT,2,2603.0,335.0,0.5
HNL_ORD,9,4243.0,484.0,0.1111111111111111
HNL_PDX,10,2603.0,334.5,0.5
HNL_PHX,19,2917.0,360.0,0.05263157894736842
HNL_PPG,2,2599.0,345.0,0.0
HNL_SAN,18,2614.0,335.0,0.16666666666666666
HNL_SEA,32,2677.0,350.0,0.21875
HNL_SFO,32,2398.0,309.0,0.03125
HNL_SJC,10,2417.0,315.0,0.2
HNL_SLC,6,2994.0,365.0,0.16666666666666666
HNL_SMF,11,2462.0,310.0,0.2727272727272727
HOB_DEN,1,501.0,100.0,1.0
HOB_IAH,4,501.0,98.5,0.0
HOU_ABQ,8,759.0,135.0,0.5
HOU_ATL,56,696.0,120.0,0.16071428571428573
HOU_AUS,20,148.0,52.5,0.25
HOU_AZA,2,998.0,164.5,0.0
HOU_BHM,7,570.0,90.0,0.2857142857142857
HOU_BNA,25,670.0,110.0,0.04
HOU_BOS,1,1609.0,230.0,0.0
HOU_BUR,2,1389.0,210.0,0.5
HOU_BWI,22,1246.0,175.0,0.18181818181818182
HOU_CHS,4,928.0,140.0,0.25
HOU_CLT,2,920.0,140.0,0.5
HOU_CMH,8,1001.0,152.5,0.0
HOU_CRP,11,187.0,60.0,0.18181818181818182
HOU_CVG,4,886.0,137.5,0.5
HOU_DAL,68,239.0,65.0,0.2647058823529412
HOU_DCA,11,1218.0,175.0,0.09090909090909091
HOU_DEN,27,883.0,150.0,0.07407407407407407
HOU_DFW,29,247.0,78.0,0.27586206896551724
HOU_DSM,1,825.0,130.0,1.0
HOU_ECP,8,571.0,95.0,0.25
HOU_ELP,13,677.0,120.0,0.3076923076923077
HOU_FLL,12,957.0,142.5,0.08333333333333333
HOU_GSP,1,845.0,130.0,0.0
HOU_HRL,17,277.0,65.0,0.35294117647058826
HOU_IND,4,861.0,135.0,0.0
HOU_JAN,6,359.0,75.0,0.0
HOU_JAX,10,816.0,125.0,0.1
HOU_LAS,20,1235.0,195.0,0.25
HOU_LAX,22,1390.0,215.0,0.22727272727272727
HOU_LBB,2,474.0,95.0,0.0
HOU_LGA,8,1428.0,210.0,0.125
HOU_LGB,6,1374.0,217.5,0.16666666666666666
HOU_LIT,1,393.0,100.0,0.0
HOU_MAF,21,441.0,85.0,0.19047619047619047
HOU_MCI,7,666.0,120.0,0.0
HOU_MCO,24,849.0,135.0,0.16666666666666666
HOU_MDW,31,937.0,145.0,0.25806451612903225
HOU_MEM,8,484.0,90.0,0.25
HOU_MIA,12,955.0,135.0,0.16666666666666666
HOU_MKE,2,1004.0,150.0,0.0
HOU_MSY,33,302.0,70.0,0.18181818181818182
HOU_OAK,12,1642.0,235.0,0.08333333333333333
HOU_OKC,13,419.0,85.0,0.23076923076923078
HOU_OMA,6,804.0,127.5,0.16666666666666666
HOU_PHX,23,1020.0,170.0,0.13043478260869565
HOU_PNS,6,488.0,90.0,0.16666666666666666
HOU_RDU,3,1050.0,160.0,0.6666666666666666
HOU_RSW,2,853.0,135.0,0.0
HOU_SAN,6,1313.0,197.5,0.0
HOU_SAT,21,192.0,60.0,0.2857142857142857
HOU_SAV,3,853.0,135.0,0.3333333333333333
HOU_SDF,2,803.0,122.5,0.0
HOU_SJC,5,1621.0,240.0,0.0
HOU_SJU,3,1997.0,260.0,0.0
HOU_SLC,5,1214.0,180.0,0.6
HOU_SMF,3,1624.0,240.0,0.0
HOU_SNA,5,1357.0,215.0,0.2
HOU_SRQ,2,789.0,125.0,0.0
HOU_STL,24,687.0,115.0,0.25
HOU_TPA,14,781.0,122.5,0.21428571428571427
HOU_TUL,14,453.0,90.0,0.35714285714285715
HOU_TYS,2,782.0,115.0,0.0
HOU_VPS,1,528.0,90.0,0.0
HPN_ACK,2,191.0,63.5,0.0
HPN_ATL,19,780.0,149.0,0.2631578947368421
HPN_BOS,4,166.0,64.0,0.0
HPN_CHS,1,663.0,137.0,0.0
HPN_CLT,24,564.0,123.0,0.20833333333333334
HPN_DCA,11,234.0,74.0,0.36363636363636365
HPN_DTW,5,505.0,116.0,0.0
HPN_FLL,17,1097.0,185.0,0.23529411764705882
HPN_MCO,15,972.0,168.0,0.06666666666666667
HPN_MIA,2,1118.0,190.0,0.0
HPN_MVY,1,163.0,58.0,0.0
HPN_ORD,21,738.0,157.0,0.19047619047619047
HPN_PBI,29,1056.0,173.0,0.3448275862068966
HPN_RSW,6,1102.0,188.0,0.16666666666666666
HPN_TPA,4,1032.0,181.5,0.25
HRL_AUS,5,273.0,65.0,0.2
HRL_DAL,3,458.0,95.0,0.3333333333333333
HRL_DFW,9,461.0,104.0,0.3333333333333333
HRL_HOU,12,277.0,67.5,0.25
HRL_IAH,8,295.0,76.5,0.125
HRL_MSP,2,1310.0,198.5,0.0
HSV_ATL,32,151.0,60.0,0.0625
HSV_CLT,18,333.0,97.0,0.1111111111111111
HSV_DCA,14,613.0,114.5,0.2857142857142857
HSV_DEN,10,1048.0,184.5,0.2
HSV_DFW,22,603.0,131.0,0.3181818181818182
HSV_IAD,1,596.0,107.0,1.0
HSV_IAH,7,595.0,125.0,0.2857142857142857
HSV_MCO,2,535.0,108.5,0.5
HSV_ORD,3,510.0,125.0,0.3333333333333333
HTS_CLT,1,235.0,80.0,1.0
HTS_MYR,1,382.0,68.0,0.0
HTS_PIE,4,721.0,111.5,0.75
HTS_SFB,5,665.0,104.0,0.0
HVN_PHL,7,157.0,72.0,0.2857142857142857
HYA_JFK,1,196.0,65.0,0.0
HYS_DDC,1,83.0,46.0,0.0
HYS_DEN,9,298.0,80.0,0.2222222222222222
HYS_SLN,4,88.0,45.0,0.0
IAD_ALB,1,325.0,79.0,0.0
IAD_ATL,46,534.0,114.0,0.1956521739130435
IAD_AUS,12,1297.0,214.5,0.0
IAD_BDL,16,326.0,83.5,0.0625
IAD_BNA,16,542.0,115.0,0.125
IAD_BOS,15,413.0,94.0,0.13333333333333333
IAD_BTV,10,441.0,92.5,0.0
IAD_BUF,3,283.0,75.0,0.0
IAD_BZN,1,1773.0,286.0,0.0
IAD_CHS,16,441.0,103.0,0.1875
IAD_CKB,3,151.0,60.0,0.0
IAD_CLE,17,288.0,82.0,0.17647058823529413
IAD_CLT,45,322.0,94.0,0.2
IAD_CMH,6,299.0,84.0,0.0
IAD_CVG,12,388.0,95.5,0.25
IAD_DEN,41,1452.0,236.0,0.24390243902439024
IAD_DFW,25,1172.0,208.0,0.28
IAD_DTW,29,383.0,97.0,0.13793103448275862
IAD_EGE,1,1573.0,257.0,1.0
IAD_EWR,19,212.0,85.0,0.2631578947368421
IAD_EYW,1,1023.0,182.0,1.0
IAD_FLL,8,901.0,166.5,0.0
IAD_GRB,1,670.0,132.0,0.0
IAD_GSP,2,384.0,97.0,0.5
IAD_HDN,1,1582.0,258.0,0.0
IAD_HHH,3,498.0,112.0,0.0
IAD_HNL,4,4817.0,628.5,0.5
IAD_HSV,3,596.0,120.0,0.0
IAD_IAH,28,1190.0,200.0,0.14285714285714285
IAD_IND,15,476.0,107.0,0.26666666666666666
IAD_JAX,7,630.0,124.0,0.0
IAD_JFK,15,228.0,90.0,0.13333333333333333
IAD_JST,8,120.0,59.5,0.0
IAD_LAS,14,2065.0,313.0,0.14285714285714285
IAD_LAX,45,2288.0,334.0,0.2222222222222222
IAD_LEX,1,392.0,99.0,0.0
IAD_LGA,14,229.0,87.0,0.35714285714285715
IAD_LWB,2,176.0,68.5,0.0
IAD_MCI,4,926.0,171.0,0.75
IAD_MCO,20,758.0,139.0,0.2
IAD_MDW,9,577.0,115.0,0.2222222222222222
IAD_MHT,3,418.0,91.0,0.0
IAD_MIA,6,921.0,167.5,0.16666666666666666
IAD_MSP,23,908.0,169.0,0.08695652173913043
IAD_MSY,8,955.0,169.0,0.125
IAD_MYR,5,372.0,94.0,0.4
IAD_OGS,4,409.0,98.0,0.5
IAD_ORD,22,588.0,127.0,0.2727272727272727
IAD_ORF,7,157.0,61.0,0.14285714285714285
IAD_PBG,7,444.0,102.0,0.14285714285714285
IAD_PBI,2,859.0,165.5,0.5
IAD_PDX,2,2327.0,347.5,0.5
IAD_PHL,3,135.0,69.0,0.0
IAD_PHX,8,1956.0,306.0,0.0
IAD_PIT,13,182.0,63.0,0.07692307692307693
IAD_PVD,3,371.0,89.0,0.0
IAD_PWM,5,493.0,99.0,0.2
IAD_RDU,22,224.0,72.0,0.18181818181818182
IAD_RIC,3,100.0,62.0,0.0
IAD_ROC,2,288.0,72.5,0.0
IAD_RSW,10,891.0,152.0,0.3
IAD_SAN,24,2253.0,323.0,0.25
IAD_SAT,6,1362.0,215.0,0.0
IAD_SAV,5,515.0,114.0,0.2
IAD_SDF,4,451.0,111.5,0.25
IAD_SEA,28,2306.0,357.5,0.14285714285714285
IAD_SFO,37,2419.0,351.0,0.08108108108108109
IAD_SHD,5,91.0,55.0,0.2
IAD_SJU,4,1571.0,229.5,0.0
IAD_SLC,6,1828.0,289.0,0.0
IAD_SMF,2,2358.0,345.5,0.0
IAD_SRQ,4,849.0,156.0,0.5
IAD_STL,3,696.0,143.0,0.3333333333333333
IAD_STT,3,1606.0,232.0,0.0
IAD_SYR,7,296.0,77.0,0.14285714285714285
IAD_TPA,13,811.0,142.0,0.23076923076923078
IAD_TYS,1,420.0,100.0,1.0
IAG_FLL,1,1176.0,179.0,0.0
IAG_MYR,1,650.0,111.0,0.0
IAG_PGD,2,1129.0,167.0,0.5
IAG_PIE,4,1069.0,157.5,0.5
IAG_SFB,1,996.0,159.0,0.0
IAH_ABI,1,307.0,98.0,0.0
IAH_ABQ,15,744.0,139.0,0.3333333333333333
IAH_AEX,3,190.0,63.0,0.0
IAH_AMA,11,517.0,109.0,0.45454545454545453
IAH_ASE,8,913.0,172.0,0.375
IAH_ATL,61,689.0,123.0,0.16393442622950818
IAH_AUS,44,140.0,58.0,0.1590909090909091
IAH_BDL,1,1507.0,228.0,0.0
IAH_BHM,12,562.0,104.5,0.0
IAH_BNA,40,657.0,119.0,0.175
IAH_BOI,5,1482.0,244.0,0.0
IAH_BOS,22,1597.0,224.5,0.22727272727272727
IAH_BRO,12,308.0,79.0,0.08333333333333333
IAH_BTR,19,253.0,70.0,0.2631578947368421
IAH_BWI,15,1235.0,183.0,0.13333333333333333
IAH_BZN,1,1385.0,209.0,0.0
IAH_CAE,1,878.0,140.0,0.0
IAH_CAK,2,1085.0,171.0,0.0
IAH_CHA,3,686.0,124.0,0.0
IAH_CHS,9,925.0,149.0,0.2222222222222222
IAH_CLE,22,1091.0,168.0,0.09090909090909091
IAH_CLL,9,74.0,48.0,0.2222222222222222
IAH_CLT,45,912.0,152.0,0.24444444444444444
IAH_CMH,12,986.0,157.5,0.16666666666666666
IAH_COS,9,809.0,148.0,0.1111111111111111
IAH_CRP,17,201.0,65.0,0.23529411764705882
IAH_CRW,1,975.0,155.0,0.0
IAH_CVG,16,871.0,142.5,0.3125
IAH_DAL,13,216.0,75.0,0.23076923076923078
IAH_DAY,1,929.0,153.0,0.0
IAH_DCA,36,1208.0,181.5,0.1111111111111111
IAH_DEN,72,862.0,153.0,0.2361111111111111
IAH_DFW,106,224.0,79.5,0.22641509433962265
IAH_DSM,7,802.0,136.0,0.2857142857142857
IAH_DTW,42,1075.0,168.0,0.07142857142857142
IAH_ECP,5,572.0,108.0,0.4
IAH_EGE,1,934.0,181.0,1.0
IAH_ELP,20,667.0,123.0,0.0
IAH_EWR,59,1400.0,209.0,0.22033898305084745
IAH_EYW,2,915.0,157.0,0.0
IAH_FCA,1,1613.0,248.0,0.0
IAH_FLL,34,966.0,149.0,0.2647058823529412
IAH_GPT,8,376.0,84.0,0.125
IAH_GRK,10,166.0,64.5,0.2
IAH_GRR,5,1042.0,171.0,0.2
IAH_GSP,6,837.0,138.5,0.3333333333333333
IAH_GUC,2,886.0,166.5,0.0
IAH_HDN,3,985.0,179.0,0.3333333333333333
IAH_HNL,5,3904.0,501.0,0.0
IAH_HOB,8,501.0,102.0,0.0
IAH_HRL,14,295.0,74.5,0.07142857142857142
IAH_HSV,7,595.0,110.0,0.2857142857142857
IAH_IAD,34,1190.0,184.0,0.14705882352941177
IAH_ICT,20,542.0,108.0,0.05
IAH_IND,13,844.0,142.0,0.15384615384615385
IAH_JAC,3,1265.0,198.0,0.0
IAH_JAN,10,351.0,83.0,0.1
IAH_JAX,14,817.0,132.0,0.07142857142857142
IAH_JFK,5,1417.0,211.0,0.8
IAH_JLN,1,496.0,108.0,0.0
IAH_LAS,57,1222.0,200.0,0.22807017543859648
IAH_LAX,76,1379.0,217.0,0.11842105263157894
IAH_LBB,7,458.0,96.0,0.0
IAH_LCH,3,127.0,49.0,0.0
IAH_LFT,6,201.0,64.0,0.5
IAH_LGA,56,1416.0,211.5,0.23214285714285715
IAH_LIT,11,374.0,87.0,0.09090909090909091
IAH_LRD,9,301.0,80.0,0.3333333333333333
IAH_MAF,33,429.0,95.0,0.15151515151515152
IAH_MCI,22,643.0,121.5,0.18181818181818182
IAH_MCO,48,854.0,141.0,0.2916666666666667
IAH_MDW,6,917.0,142.5,0.16666666666666666
IAH_MEI,6,422.0,95.5,0.0
IAH_MEM,9,468.0,99.0,0.0
IAH_MFE,21,316.0,81.0,0.2857142857142857
IAH_MIA,41,964.0,150.0,0.17073170731707318
IAH_MKE,9,984.0,161.0,0.1111111111111111
IAH_MLU,2,262.0,70.0,0.5
IAH_MOB,7,427.0,86.0,0.14285714285714285
IAH_MSP,39,1034.0,171.0,0.10256410256410256
IAH_MSY,37,305.0,73.0,0.21621621621621623
IAH_MTJ,5,927.0,171.0,0.2
IAH_OAK,2,1628.0,235.0,0.0
IAH_OKC,25,395.0,91.0,0.04
IAH_OMA,10,781.0,135.5,0.2
IAH_ONT,4,1334.0,212.5,0.25
IAH_ORD,77,925.0,161.0,0.11688311688311688
IAH_ORF,11,1201.0,178.0,0.0
IAH_PBI,1,956.0,149.0,0.0
IAH_PDX,6,1825.0,283.5,0.3333333333333333
IAH_PHL,19,1325.0,197.0,0.15789473684210525
IAH_PHX,27,1009.0,177.0,0.1111111111111111
IAH_PIB,8,372.0,88.0,0.125
IAH_PIT,10,1117.0,166.0,0.0
IAH_PNS,24,489.0,94.5,0.125
IAH_PSP,7,1269.0,219.0,0.0
IAH_RDU,15,1042.0,162.0,0.2
IAH_RIC,2,1157.0,173.5,0.0
IAH_RNO,2,1530.0,241.5,0.0
IAH_RSW,13,861.0,137.0,0.0
IAH_SAN,35,1303.0,205.0,0.11428571428571428
IAH_SAT,28,191.0,64.0,0.14285714285714285
IAH_SAV,4,851.0,140.5,0.0
IAH_SDF,11,788.0,138.0,0.18181818181818182
IAH_SEA,34,1874.0,287.0,0.3235294117647059
IAH_SFO,50,1635.0,254.5,0.14
IAH_SGF,1,513.0,109.0,0.0
IAH_SHV,8,192.0,63.5,0.25
IAH_SJC,7,1608.0,253.0,0.0
IAH_SJT,1,321.0,89.0,0.0
IAH_SJU,13,2007.0,267.0,0.07692307692307693
IAH_SLC,36,1195.0,202.0,0.1388888888888889
IAH_SMF,12,1609.0,253.5,0.16666666666666666
IAH_SNA,23,1346.0,221.0,0.08695652173913043
IAH_STL,19,667.0,125.0,0.2631578947368421
IAH_STT,2,2070.0,278.5,0.0
IAH_TLH,1,658.0,113.0,0.0
IAH_TPA,21,787.0,132.0,0.09523809523809523
IAH_TUL,26,429.0,93.0,0.23076923076923078
IAH_TUS,16,936.0,166.0,0.1875
IAH_TYS,7,771.0,130.0,0.14285714285714285
IAH_VCT,6,123.0,78.0,0.16666666666666666
IAH_VPS,9,528.0,101.0,0.1111111111111111
IAH_XNA,5,438.0,103.0,0.0
ICT_ATL,17,782.0,127.0,0.058823529411764705
ICT_AZA,1,855.0,135.0,0.0
ICT_DEN,20,420.0,98.0,0.3
ICT_DFW,24,328.0,81.5,0.3333333333333333
ICT_IAH,16,542.0,112.5,0.125
ICT_LAS,6,986.0,165.0,0.16666666666666666
ICT_MSP,7,545.0,111.0,0.0
ICT_ORD,27,588.0,121.0,0.1111111111111111
ICT_PHX,2,870.0,142.5,0.5
ICT_SEA,1,1430.0,238.0,0.0
ICT_STL,12,392.0,75.0,0.16666666666666666
ICT_VPS,2,796.0,123.5,0.0
IDA_AZA,6,704.0,110.5,0.3333333333333333
IDA_BOI,2,209.0,62.0,0.0
IDA_DEN,15,458.0,99.0,0.06666666666666667
IDA_DFW,7,1095.0,171.0,0.0
IDA_LAS,1,538.0,99.0,0.0
IDA_PDX,1,539.0,100.0,0.0
IDA_PHX,4,695.0,126.0,0.25
IDA_SEA,2,566.0,134.5,0.0
IDA_SLC,23,188.0,66.0,0.08695652173913043
ILG_MCO,1,841.0,157.0,1.0
ILM_ATL,20,377.0,89.0,0.2
ILM_CLT,38,185.0,74.0,0.13157894736842105
ILM_DCA,4,319.0,78.5,0.0
ILM_DFW,4,1106.0,190.5,0.0
ILM_EWR,2,488.0,109.5,0.0
ILM_LGA,20,500.0,105.0,0.15
ILM_ORD,1,760.0,148.0,0.0
IMT_DTW,3,344.0,87.0,0.6666666666666666
IMT_ESC,3,50.0,37.0,0.0
IMT_MSP,4,257.0,67.0,0.25
IND_ATL,54,432.0,95.0,0.14814814814814814
IND_AUS,6,919.0,160.0,0.0
IND_BOS,21,818.0,137.0,0.38095238095238093
IND_BWI,14,516.0,95.0,0.14285714285714285
IND_CHS,1,585.0,100.0,1.0
IND_CLT,35,427.0,105.0,0.11428571428571428
IND_DAL,4,755.0,142.5,0.0
IND_DCA,27,500.0,100.0,0.1111111111111111
IND_DEN,31,977.0,170.0,0.06451612903225806
IND_DFW,21,761.0,149.0,0.2857142857142857
IND_DTW,21,231.0,74.0,0.14285714285714285
IND_EWR,22,645.0,125.0,0.18181818181818182
IND_FLL,8,1005.0,158.5,0.375
IND_HOU,8,861.0,150.0,0.5
IND_IAD,10,476.0,95.0,0.2
IND_IAH,11,844.0,155.0,0.09090909090909091
IND_JAX,1,687.0,115.0,0.0
IND_JFK,10,665.0,134.0,0.3
IND_LAS,26,1590.0,238.5,0.4230769230769231
IND_LAX,10,1814.0,274.0,0.3
IND_LGA,38,660.0,124.5,0.10526315789473684
IND_MCI,4,451.0,87.5,0.25
IND_MCO,21,829.0,135.0,0.19047619047619047
IND_MDW,4,162.0,60.0,0.0
IND_MIA,13,1020.0,167.0,0.23076923076923078
IND_MSP,30,503.0,110.0,0.2
IND_MSY,1,707.0,115.0,0.0
IND_OAK,1,1933.0,295.0,0.0
IND_ORD,55,177.0,75.0,0.10909090909090909
IND_PGD,5,916.0,139.0,0.0
IND_PHL,18,588.0,112.0,0.2777777777777778
IND_PHX,21,1488.0,236.0,0.047619047619047616
IND_PIE,4,840.0,131.0,0.5
IND_PNS,1,639.0,112.0,0.0
IND_RDU,2,489.0,101.5,0.0
IND_RSW,9,945.0,147.0,0.3333333333333333
IND_SAN,1,1782.0,250.0,0.0
IND_SEA,11,1866.0,295.0,0.09090909090909091
IND_SFB,2,807.0,127.0,0.0
IND_SLC,2,1355.0,229.5,0.0
IND_SRQ,2,876.0,145.5,0.0
IND_STL,1,229.0,65.0,0.0
IND_TPA,17,837.0,135.0,0.0
IND_VPS,5,637.0,107.0,0.2
INL_HIB,1,86.0,54.0,0.0
INL_MSP,8,255.0,74.0,0.25
ISN_MSP,3,546.0,109.0,0.0
ISP_ATL,1,795.0,154.0,0.0
ISP_BNA,3,803.0,140.0,0.3333333333333333
ISP_BWI,13,220.0,75.0,0.07692307692307693
ISP_FLL,9,1092.0,190.0,0.2222222222222222
ISP_MCO,15,971.0,170.0,0.06666666666666667
ISP_MIA,1,1113.0,192.0,0.0
ISP_MYR,1,586.0,110.0,0.0
ISP_PBI,12,1052.0,175.0,0.0
ISP_RSW,1,1101.0,201.0,0.0
ISP_TPA,6,1034.0,178.0,0.3333333333333333
ITH_CLT,1,557.0,140.0,0.0
ITH_DTW,8,353.0,105.0,0.125
ITH_JFK,1,189.0,86.0,0.0
ITO_HNL,68,216.0,54.0,0.11764705882352941
ITO_LAX,3,2449.0,302.0,0.3333333333333333
ITO_OGG,8,121.0,40.0,0.25
JAC_ATL,4,1572.0,211.5,0.25
JAC_DEN,18,406.0,95.0,0.4444444444444444
JAC_DFW,15,1047.0,170.0,0.26666666666666666
JAC_EWR,3,1874.0,256.0,0.3333333333333333
JAC_IAH,2,1265.0,189.0,0.0
JAC_LAX,7,784.0,157.0,0.14285714285714285
JAC_LGA,1,1887.0,276.0,0.0
JAC_MSP,2,872.0,137.5,0.0
JAC_ORD,9,1162.0,184.0,0.3333333333333333
JAC_PHX,4,705.0,128.0,0.75
JAC_SEA,3,621.0,130.0,0.6666666666666666
JAC_SFO,5,737.0,156.0,0.0
JAC_SJC,1,729.0,165.0,0.0
JAC_SLC,21,205.0,67.0,0.14285714285714285
JAN_ATL,38,341.0,80.0,0.02631578947368421
JAN_BWI,3,888.0,135.0,0.0
JAN_CLT,12,562.0,115.0,0.16666666666666666
JAN_DCA,3,860.0,147.0,0.3333333333333333
JAN_DFW,31,408.0,100.0,0.22580645161290322
JAN_HOU,3,359.0,90.0,0.3333333333333333
JAN_IAH,7,351.0,91.0,0.0
JAN_ORD,2,677.0,134.0,0.5
JAX_ATL,69,270.0,75.0,0.13043478260869565
JAX_AUS,3,954.0,171.0,0.3333333333333333
JAX_BLV,1,723.0,119.0,1.0
JAX_BNA,17,483.0,95.0,0.29411764705882354
JAX_BOS,16,1010.0,156.5,0.25
JAX_BWI,24,663.0,110.0,0.16666666666666666
JAX_CLE,1,753.0,122.0,0.0
JAX_CLT,29,328.0,85.0,0.27586206896551724
JAX_CVG,1,613.0,107.0,0.0
JAX_DAL,1,907.0,155.0,0.0
JAX_DCA,34,634.0,114.0,0.2647058823529412
JAX_DEN,11,1447.0,235.0,0.09090909090909091
JAX_DFW,22,918.0,162.5,0.18181818181818182
JAX_DTW,10,813.0,140.0,0.0
JAX_EWR,22,820.0,141.0,0.2727272727272727
JAX_FLL,14,319.0,78.5,0.2857142857142857
JAX_GRR,1,880.0,137.0,0.0
JAX_HOU,6,816.0,147.5,0.0
JAX_IAD,12,630.0,112.5,0.4166666666666667
JAX_IAH,11,817.0,155.0,0.09090909090909091
JAX_JFK,27,828.0,141.0,0.25925925925925924
JAX_LGA,21,833.0,140.0,0.38095238095238093
JAX_MDW,7,849.0,145.0,0.0
JAX_MIA,21,335.0,79.0,0.14285714285714285
JAX_MSP,3,1174.0,186.0,0.0
JAX_ORD,16,864.0,162.0,0.0
JAX_ORF,1,542.0,92.0,0.0
JAX_PHL,16,742.0,129.0,0.3125
JAX_RDU,1,407.0,84.0,0.0
JAX_SJU,3,1288.0,182.0,0.3333333333333333
JAX_STL,2,753.0,127.5,0.5
JAX_TTN,1,777.0,129.0,0.0
JFK_ABQ,4,1826.0,302.0,0.75
JFK_ACK,7,199.0,71.0,0.2857142857142857
JFK_ATL,44,760.0,154.0,0.20454545454545456
JFK_AUS,23,1521.0,255.0,0.21739130434782608
JFK_BGR,6,382.0,95.0,0.3333333333333333
JFK_BNA,20,765.0,164.0,0.4
JFK_BOI,1,2167.0,341.0,1.0
JFK_BOS,71,187.0,81.0,0.2676056338028169
JFK_BQN,4,1576.0,225.5,0.5
JFK_BTV,24,266.0,83.0,0.20833333333333334
JFK_BUF,33,301.0,93.0,0.15151515151515152
JFK_BUR,7,2465.0,377.0,0.2857142857142857
JFK_BWI,12,184.0,81.0,0.08333333333333333
JFK_BZN,2,1902.0,299.0,0.5
JFK_CHS,25,636.0,138.0,0.2
JFK_CLE,21,425.0,120.0,0.19047619047619047
JFK_CLT,37,541.0,129.0,0.05405405405405406
JFK_CMH,18,483.0,123.0,0.1111111111111111
JFK_CVG,14,589.0,135.0,0.14285714285714285
JFK_DCA,32,213.0,89.5,0.28125
JFK_DEN,16,1626.0,275.0,0.1875
JFK_DFW,30,1391.0,243.0,0.26666666666666666
JFK_DTW,30,509.0,129.5,0.3333333333333333
JFK_EGE,4,1746.0,303.0,0.5
JFK_EYW,1,1201.0,193.0,0.0
JFK_FLL,52,1069.0,193.5,0.25
JFK_HNL,8,4983.0,667.5,0.5
JFK_HYA,1,196.0,63.0,0.0
JFK_IAD,11,228.0,90.0,0.18181818181818182
JFK_IAH,5,1417.0,232.0,0.2
JFK_IND,16,665.0,145.0,0.125
JFK_ITH,1,189.0,86.0,0.0
JFK_JAX,18,828.0,160.5,0.2222222222222222
JFK_LAS,43,2248.0,349.0,0.23255813953488372
JFK_LAX,152,2475.0,382.0,0.19736842105263158
JFK_LGB,3,2465.0,381.0,0.3333333333333333
JFK_MCI,2,1113.0,212.5,0.0
JFK_MCO,71,944.0,179.0,0.16901408450704225
JFK_MIA,63,1089.0,190.0,0.38095238095238093
JFK_MKE,3,745.0,170.0,0.0
JFK_MSP,17,1029.0,195.0,0.058823529411764705
JFK_MSY,19,1182.0,209.0,0.21052631578947367
JFK_MVY,4,173.0,64.0,0.0
JFK_ONT,1,2429.0,374.0,1.0
JFK_ORD,33,740.0,167.0,0.06060606060606061
JFK_ORF,18,290.0,89.0,0.0
JFK_ORH,10,150.0,66.0,0.3
JFK_PBI,23,1028.0,183.0,0.30434782608695654
JFK_PDX,12,2454.0,377.0,0.16666666666666666
JFK_PHL,4,94.0,70.0,0.25
JFK_PHX,37,2153.0,342.0,0.2702702702702703
JFK_PIT,22,340.0,110.0,0.13636363636363635
JFK_PSE,4,1617.0,240.5,0.25
JFK_PSP,3,2378.0,370.0,0.3333333333333333
JFK_PWM,15,273.0,90.0,0.4
JFK_RDU,48,427.0,111.0,0.1875
JFK_RIC,17,288.0,97.0,0.23529411764705882
JFK_RNO,1,2411.0,376.0,1.0
JFK_ROC,27,264.0,86.0,0.2222222222222222
JFK_RSW,27,1074.0,195.0,0.2222222222222222
JFK_SAN,27,2446.0,368.0,0.1111111111111111
JFK_SAT,5,1587.0,254.0,0.4
JFK_SAV,18,718.0,147.5,0.16666666666666666
JFK_SEA,40,2422.0,380.0,0.15
JFK_SFO,107,2586.0,400.0,0.11214953271028037
JFK_SJC,7,2569.0,399.0,0.0
JFK_SJU,52,1598.0,232.0,0.23076923076923078
JFK_SLC,24,1990.0,330.5,0.20833333333333334
JFK_SMF,3,2521.0,395.0,0.3333333333333333
JFK_SNA,4,2454.0,394.0,0.25
JFK_SRQ,2,1041.0,174.5,0.0
JFK_STT,5,1623.0,243.0,0.0
JFK_SYR,24,209.0,84.0,0.20833333333333334
JFK_TPA,32,1005.0,186.0,0.28125
JLN_DEC,1,357.0,85.0,0.0
JLN_DFW,3,327.0,79.0,0.0
JLN_IAH,1,496.0,116.0,0.0
JLN_ORD,3,484.0,115.0,0.0
JMS_DEN,3,573.0,116.0,0.0
JMS_DVL,6,83.0,46.0,0.0
JNU_ANC,16,571.0,105.0,0.25
JNU_GST,1,41.0,35.0,0.0
JNU_KTN,3,234.0,62.0,0.3333333333333333
JNU_PSG,3,123.0,45.0,0.3333333333333333
JNU_SEA,18,909.0,140.5,0.05555555555555555
JNU_SIT,8,95.0,45.0,0.375
JNU_YAK,3,198.0,55.0,0.0
JST_IAD,4,120.0,90.0,0.0
JST_ORD,2,487.0,109.5,0.0
KOA_DEN,7,3329.0,399.0,0.0
KOA_DFW,1,3724.0,431.0,0.0
KOA_HNL,112,163.0,47.0,0.09821428571428571
KOA_LAX,28,2504.0,323.0,0.07142857142857142
KOA_LIH,5,263.0,56.0,0.0
KOA_OAK,6,2378.0,310.0,0.0
KOA_OGG,15,84.0,37.0,0.2
KOA_ORD,2,4213.0,485.0,0.0
KOA_PDX,4,2607.0,329.5,0.5
KOA_PHX,8,2860.0,349.0,0.0
KOA_SAN,6,2556.0,320.5,0.16666666666666666
KOA_SEA,16,2688.0,350.0,0.1875
KOA_SFO,23,2367.0,305.0,0.13043478260869565
KOA_SJC,10,2384.0,305.5,0.4
KTN_JNU,6,234.0,58.0,0.16666666666666666
KTN_SEA,19,680.0,116.0,0.15789473684210525
KTN_SIT,7,183.0,50.0,0.2857142857142857
KTN_WRG,10,82.0,44.0,0.2
LAN_DCA,5,479.0,98.0,0.2
LAN_DTW,15,74.0,56.0,0.13333333333333333
LAN_MSP,1,455.0,109.0,0.0
LAN_ORD,6,179.0,73.5,0.0
LAR_DEN,8,113.0,59.0,0.25
LAS_ABQ,23,486.0,86.0,0.08695652173913043
LAS_AMA,5,758.0,120.0,0.2
LAS_ANC,1,2304.0,325.0,0.0
LAS_ATL,64,1747.0,230.0,0.140625
LAS_ATW,3,1510.0,206.0,0.0
LAS_AUS,34,1090.0,160.0,0.23529411764705882
LAS_AZA,4,276.0,71.5,0.25
LAS_BDL,2,2297.0,293.0,0.5
LAS_BHM,7,1618.0,210.0,0.42857142857142855
LAS_BIL,3,754.0,123.0,0.3333333333333333
LAS_BIS,1,1048.0,149.0,1.0
LAS_BLI,15,954.0,162.0,0.4666666666666667
LAS_BLV,1,1400.0,187.0,0.0
LAS_BNA,30,1587.0,210.0,0.26666666666666666
LAS_BOI,14,519.0,105.0,0.42857142857142855
LAS_BOS,19,2381.0,301.0,0.21052631578947367
LAS_BUF,4,1986.0,252.5,0.5
LAS_BUR,59,223.0,70.0,0.2542372881355932
LAS_BWI,22,2106.0,269.5,0.45454545454545453
LAS_BZN,5,701.0,125.0,0.2
LAS_CID,2,1319.0,181.0,0.0
LAS_CLE,15,1824.0,241.0,0.2
LAS_CLT,25,1916.0,259.0,0.24
LAS_CMH,26,1771.0,230.0,0.3076923076923077
LAS_COS,6,604.0,105.0,0.0
LAS_CVG,12,1678.0,227.0,0.08333333333333333
LAS_DAL,29,1067.0,155.0,0.2413793103448276
LAS_DCA,6,2089.0,274.5,0.5
LAS_DEN,105,628.0,114.0,0.20952380952380953
LAS_DFW,71,1055.0,164.0,0.2676056338028169
LAS_DSM,8,1216.0,168.0,0.375
LAS_DTW,44,1749.0,235.0,0.11363636363636363
LAS_ELP,21,583.0,100.0,0.3333333333333333
LAS_EUG,4,700.0,127.5,0.0
LAS_EWR,32,2227.0,288.0,0.1875
LAS_FAR,1,1205.0,170.0,0.0
LAS_FAT,15,259.0,71.0,0.26666666666666666
LAS_FCA,3,845.0,141.0,0.0
LAS_FLL,19,2173.0,274.0,0.5263157894736842
LAS_FNT,1,1733.0,225.0,0.0
LAS_FSD,3,1104.0,160.0,0.0
LAS_GEG,15,806.0,145.0,0.06666666666666667
LAS_GFK,3,1230.0,177.0,0.3333333333333333
LAS_GRI,3,971.0,144.0,0.0
LAS_GRR,2,1642.0,215.5,0.0
LAS_HNL,19,2762.0,385.0,0.10526315789473684
LAS_HOU,29,1235.0,175.0,0.20689655172413793
LAS_IAD,10,2065.0,266.0,0.4
LAS_IAH,46,1222.0,179.0,0.17391304347826086
LAS_ICT,4,986.0,145.5,0.0
LAS_IDA,1,538.0,108.0,0.0
LAS_IND,15,1590.0,210.0,0.2
LAS_JFK,29,2248.0,300.0,0.27586206896551724
LAS_KOA,3,2717.0,365.0,0.3333333333333333
LAS_LAX,144,236.0,75.5,0.1736111111111111
LAS_LBB,6,775.0,120.0,0.16666666666666666
LAS_LGB,29,231.0,70.0,0.1724137931034483
LAS_LIH,1,2818.0,390.0,0.0
LAS_LIT,4,1294.0,180.0,0.0
LAS_LRD,1,1092.0,165.0,0.0
LAS_MAF,6,795.0,122.5,0.0
LAS_MCI,17,1139.0,160.0,0.23529411764705882
LAS_MCO,20,2039.0,268.0,0.45
LAS_MDW,44,1521.0,209.5,0.25
LAS_MEM,8,1416.0,194.5,0.125
LAS_MFE,1,1210.0,167.0,0.0
LAS_MFR,3,600.0,113.0,0.0
LAS_MIA,19,2174.0,284.0,0.3684210526315789
LAS_MKE,9,1524.0,205.0,0.1111111111111111
LAS_MLI,2,1376.0,187.0,0.0
LAS_MOT,1,1098.0,166.0,0.0
LAS_MRY,2,375.0,86.5,0.0
LAS_MSN,2,1454.0,204.0,0.0
LAS_MSO,2,750.0,133.5,0.0
LAS_MSP,43,1299.0,185.0,0.16279069767441862
LAS_MSY,13,1500.0,200.0,0.23076923076923078
LAS_OAK,64,407.0,91.0,0.203125
LAS_OGG,10,2695.0,375.0,0.2
LAS_OKC,19,986.0,140.0,0.2631578947368421
LAS_OMA,14,1099.0,157.5,0.35714285714285715
LAS_ONT,22,197.0,60.0,0.18181818181818182
LAS_ORD,54,1514.0,217.0,0.18518518518518517
LAS_PAE,1,894.0,165.0,1.0
LAS_PDX,44,763.0,140.0,0.20454545454545456
LAS_PHL,20,2176.0,283.5,0.1
LAS_PHX,89,255.0,75.0,0.1797752808988764
LAS_PIT,18,1910.0,245.0,0.16666666666666666
LAS_PSC,7,732.0,136.0,0.14285714285714285
LAS_PSP,2,173.0,55.0,0.0
LAS_PVU,1,341.0,78.0,1.0
LAS_RAP,1,843.0,136.0,0.0
LAS_RDU,11,2026.0,260.0,0.09090909090909091
LAS_RFD,1,1455.0,196.0,1.0
LAS_RIC,1,2086.0,260.0,1.0
LAS_RNO,53,345.0,80.0,0.18867924528301888
LAS_SAN,81,258.0,70.0,0.19753086419753085
LAS_SAT,27,1069.0,150.0,0.2962962962962963
LAS_SBA,7,289.0,75.0,0.42857142857142855
LAS_SBN,1,1594.0,210.0,0.0
LAS_SCK,7,359.0,80.0,0.2857142857142857
LAS_SDF,3,1624.0,217.0,0.0
LAS_SEA,76,867.0,163.0,0.11842105263157894
LAS_SFO,92,414.0,99.0,0.2608695652173913
LAS_SGF,2,1209.0,168.0,0.0
LAS_SHV,1,1243.0,167.0,0.0
LAS_SJC,39,386.0,88.0,0.15384615384615385
LAS_SLC,64,368.0,85.0,0.265625
LAS_SMF,69,397.0,93.0,0.2608695652173913
LAS_SMX,3,310.0,81.0,0.0
LAS_SNA,55,226.0,68.0,0.2545454545454545
LAS_STL,30,1371.0,185.0,0.16666666666666666
LAS_TPA,5,1984.0,255.0,0.0
LAS_TUL,5,1076.0,155.0,0.0
LAS_TUS,14,365.0,80.0,0.21428571428571427
LAS_TYS,1,1739.0,250.0,0.0
LAS_XNA,1,1163.0,169.0,0.0
LAW_DFW,11,140.0,58.0,0.2727272727272727
LAX_ABQ,32,677.0,115.0,0.15625
LAX_ACV,7,577.0,123.0,0.14285714285714285
LAX_ANC,3,2345.0,325.0,0.0
LAX_ASE,10,737.0,128.5,0.2
LAX_ATL,79,1947.0,257.0,0.20253164556962025
LAX_AUS,48,1242.0,178.0,0.10416666666666667
LAX_BDL,4,2527.0,324.0,0.25
LAX_BLI,3,1047.0,165.0,0.0
LAX_BNA,26,1797.0,238.5,0.038461538461538464
LAX_BOI,20,674.0,124.5,0.05
LAX_BOS,55,2611.0,331.0,0.10909090909090909
LAX_BUF,3,2218.0,283.0,0.0
LAX_BWI,18,2329.0,295.0,0.16666666666666666
LAX_BZN,11,902.0,162.0,0.09090909090909091
LAX_CHS,1,2206.0,301.0,0.0
LAX_CLE,8,2052.0,267.0,0.0
LAX_CLT,33,2125.0,282.0,0.18181818181818182
LAX_CMH,6,1995.0,264.5,0.0
LAX_COS,5,833.0,145.0,0.2
LAX_CVG,11,1900.0,248.0,0.09090909090909091
LAX_DAL,39,1246.0,180.0,0.2564102564102564
LAX_DCA,30,2311.0,301.0,0.2
LAX_DEN,86,862.0,142.0,0.20930232558139536
LAX_DFW,95,1235.0,183.0,0.21052631578947367
LAX_DTW,38,1979.0,262.0,0.18421052631578946
LAX_EGE,2,748.0,142.5,0.0
LAX_ELP,22,715.0,119.0,0.09090909090909091
LAX_EUG,11,748.0,136.0,0.2727272727272727
LAX_EWR,64,2454.0,318.5,0.140625
LAX_FAT,20,209.0,67.0,0.2
LAX_FCA,4,1014.0,167.0,0.25
LAX_FLL,30,2343.0,298.0,0.13333333333333333
LAX_GEG,11,945.0,156.0,0.0
LAX_HDN,2,763.0,138.0,0.0
LAX_HNL,79,2556.0,355.0,0.12658227848101267
LAX_HOU,12,1390.0,192.5,0.25
LAX_IAD,33,2288.0,290.0,0.2727272727272727
LAX_IAH,69,1379.0,197.0,0.17391304347826086
LAX_IND,10,1814.0,239.5,0.3
LAX_ITO,2,2449.0,349.5,0.0
LAX_JAC,4,784.0,140.5,0.25
LAX_JAX,3,2153.0,272.0,0.3333333333333333
LAX_JFK,144,2475.0,327.5,0.2013888888888889
LAX_KOA,24,2504.0,344.5,0.041666666666666664
LAX_LAS,153,236.0,74.0,0.22875816993464052
LAX_LIH,20,2615.0,358.0,0.05
LAX_MCI,18,1363.0,188.5,0.1111111111111111
LAX_MCO,42,2218.0,290.5,0.16666666666666666
LAX_MDW,16,1750.0,235.0,0.0625
LAX_MEM,5,1619.0,225.0,0.2
LAX_MFE,2,1318.0,192.5,0.0
LAX_MFR,13,630.0,126.0,0.23076923076923078
LAX_MIA,35,2342.0,298.0,0.17142857142857143
LAX_MKE,4,1756.0,230.0,0.25
LAX_MMH,3,256.0,76.0,0.6666666666666666
LAX_MRY,11,266.0,76.0,0.2727272727272727
LAX_MSN,6,1687.0,240.0,0.0
LAX_MSO,1,923.0,149.0,0.0
LAX_MSP,34,1535.0,214.0,0.11764705882352941
LAX_MSY,23,1670.0,219.0,0.043478260869565216
LAX_MTJ,1,666.0,111.0,0.0
LAX_OAK,59,337.0,80.0,0.13559322033898305
LAX_OGG,43,2486.0,352.0,0.16279069767441862
LAX_OKC,4,1187.0,177.5,0.0
LAX_OMA,1,1330.0,185.0,0.0
LAX_ORD,123,1744.0,247.0,0.14634146341463414
LAX_PBI,1,2330.0,297.0,0.0
LAX_PDX,69,834.0,145.0,0.11594202898550725
LAX_PHL,31,2402.0,310.0,0.16129032258064516
LAX_PHX,117,370.0,85.0,0.1282051282051282
LAX_PIT,5,2136.0,274.0,0.4
LAX_PRC,4,346.0,77.0,0.75
LAX_PSC,2,851.0,147.5,0.0
LAX_PSP,1,110.0,60.0,0.0
LAX_RDD,4,501.0,102.0,0.25
LAX_RDM,8,726.0,139.0,0.25
LAX_RDU,8,2239.0,293.0,0.0
LAX_RNO,44,391.0,90.0,0.022727272727272728
LAX_SAN,18,109.0,55.5,0.05555555555555555
LAX_SAT,24,1211.0,169.5,0.125
LAX_SBA,3,89.0,55.0,0.6666666666666666
LAX_SBP,4,156.0,62.0,0.0
LAX_SCK,1,315.0,99.0,1.0
LAX_SDF,4,1843.0,247.0,0.0
LAX_SEA,105,954.0,172.0,0.11428571428571428
LAX_SFO,200,337.0,87.0,0.175
LAX_SGF,1,1423.0,194.0,0.0
LAX_SGU,1,349.0,88.0,0.0
LAX_SJC,94,308.0,75.0,0.1595744680851064
LAX_SLC,65,590.0,111.0,0.16923076923076924
LAX_SMF,65,373.0,87.0,0.2
LAX_STL,14,1592.0,210.0,0.14285714285714285
LAX_STS,14,400.0,98.5,0.0
LAX_SUN,3,696.0,136.0,0.0
LAX_TPA,19,2158.0,275.0,0.15789473684210525
LAX_TUL,11,1283.0,180.0,0.09090909090909091
LAX_TUS,35,451.0,88.0,0.2
LAX_XNA,2,1371.0,200.5,0.5
LBB_AUS,5,341.0,70.0,0.4
LBB_DAL,22,293.0,72.5,0.22727272727272727
LBB_DEN,7,456.0,100.0,0.2857142857142857
LBB_DFW,32,282.0,77.0,0.21875
LBB_IAH,9,458.0,102.0,0.0
LBB_LAS,7,775.0,130.0,0.0
LBB_PHX,5,588.0,125.0,0.0
LBE_FLL,2,980.0,158.5,0.5
LBE_MCO,7,823.0,148.0,0.0
LBE_MYR,9,455.0,90.0,0.1111111111111111
LBE_RSW,1,956.0,140.0,0.0
LBF_DEN,8,228.0,67.5,0.125
LBF_SUX,1,239.0,80.0,0.0
LBL_DDC,1,74.0,43.0,1.0
LBL_DEN,6,280.0,76.5,0.16666666666666666
LBL_PUB,1,212.0,52.0,0.0
LCH_DFW,10,295.0,83.5,0.1
LCH_IAH,3,127.0,47.0,0.0
LCK_FLL,1,961.0,149.0,1.0
LCK_JAX,1,646.0,109.0,1.0
LCK_MYR,3,478.0,82.0,0.3333333333333333
LCK_PGD,3,890.0,138.0,0.3333333333333333
LCK_PIE,6,821.0,132.5,0.5
LCK_SAV,3,539.0,93.0,0.3333333333333333
LCK_SFB,1,767.0,124.0,0.0
LCK_SRQ,2,856.0,131.0,0.5
LCK_VPS,2,675.0,113.0,0.5
LEX_ATL,30,304.0,88.5,0.23333333333333334
LEX_CLT,14,281.0,91.5,0.07142857142857142
LEX_DCA,4,414.0,91.0,0.0
LEX_DFW,19,785.0,152.0,0.10526315789473684
LEX_DTW,20,296.0,84.0,0.15
LEX_FLL,2,865.0,139.5,1.0
LEX_HOU,1,842.0,139.0,0.0
LEX_IAH,2,828.0,174.5,0.0
LEX_MYR,1,438.0,76.0,1.0
LEX_ORD,9,323.0,99.0,0.2222222222222222
LEX_PGD,2,781.0,122.0,0.5
LEX_PIE,2,707.0,111.5,0.0
LEX_SFB,4,667.0,108.5,0.5
LFT_ATL,13,503.0,104.0,0.07692307692307693
LFT_CLT,5,729.0,139.0,0.0
LFT_DFW,23,351.0,91.0,0.13043478260869565
LFT_IAH,11,201.0,71.0,0.09090909090909091
LFT_MCO,1,656.0,122.0,0.0
LGA_ACK,6,202.0,85.0,0.0
LGA_ALB,4,136.0,68.5,0.0
LGA_ATL,118,762.0,155.0,0.1694915254237288
LGA_AVL,5,599.0,133.0,0.2
LGA_BDL,6,101.0,64.0,0.5
LGA_BGR,8,378.0,97.5,0.25
LGA_BHM,6,866.0,162.5,0.16666666666666666
LGA_BNA,62,764.0,155.0,0.16129032258064516
LGA_BOS,122,184.0,81.0,0.20491803278688525
LGA_BTV,8,258.0,89.5,0.125
LGA_BUF,10,292.0,91.5,0.4
LGA_BWI,4,185.0,75.0,0.0
LGA_CAE,10,617.0,130.0,0.1
LGA_CHA,2,734.0,156.0,0.5
LGA_CHO,19,305.0,93.0,0.21052631578947367
LGA_CHS,21,641.0,139.0,0.047619047619047616
LGA_CLE,38,419.0,113.0,0.2631578947368421
LGA_CLT,65,544.0,131.0,0.16923076923076924
LGA_CMH,49,479.0,118.0,0.1836734693877551
LGA_CVG,36,585.0,135.5,0.16666666666666666
LGA_DAL,12,1381.0,240.0,0.5
LGA_DAY,5,549.0,122.0,0.0
LGA_DCA,97,214.0,86.0,0.15463917525773196
LGA_DEN,66,1620.0,270.0,0.22727272727272727
LGA_DFW,71,1389.0,244.0,0.1267605633802817
LGA_DSM,5,1031.0,191.0,0.0
LGA_DTW,64,502.0,125.0,0.171875
LGA_EYW,2,1207.0,208.0,0.5
LGA_FLL,64,1076.0,189.5,0.25
LGA_GRR,11,618.0,139.0,0.18181818181818182
LGA_GSO,33,461.0,116.0,0.2727272727272727
LGA_GSP,11,610.0,134.0,0.09090909090909091
LGA_HHH,2,701.0,151.5,0.0
LGA_HOU,22,1428.0,252.5,0.2727272727272727
LGA_IAD,18,229.0,85.5,0.3333333333333333
LGA_IAH,57,1416.0,249.0,0.21052631578947367
LGA_ILM,16,500.0,114.0,0.25
LGA_IND,34,660.0,143.5,0.2647058823529412
LGA_JAX,17,833.0,159.0,0.17647058823529413
LGA_LAX,1,2469.0,368.0,1.0
LGA_LEX,2,604.0,130.0,0.5
LGA_LIT,2,1085.0,190.0,0.0
LGA_MCI,28,1107.0,202.0,0.32142857142857145
LGA_MCO,53,950.0,179.0,0.33962264150943394
LGA_MDW,35,725.0,150.0,0.08571428571428572
LGA_MEM,19,963.0,185.0,0.15789473684210525
LGA_MHT,1,195.0,68.0,1.0
LGA_MIA,81,1096.0,197.0,0.18518518518518517
LGA_MKE,18,738.0,157.0,0.2777777777777778
LGA_MSN,6,812.0,164.0,0.3333333333333333
LGA_MSP,29,1020.0,191.0,0.10344827586206896
LGA_MSY,18,1183.0,211.0,0.2222222222222222
LGA_MVY,3,175.0,68.0,0.3333333333333333
LGA_MYR,7,563.0,116.0,0.2857142857142857
LGA_OKC,2,1341.0,245.0,0.0
LGA_OMA,12,1148.0,205.5,0.25
LGA_ORD,140,733.0,164.0,0.21428571428571427
LGA_ORF,35,296.0,90.0,0.34285714285714286
LGA_ORH,2,146.0,71.5,0.0
LGA_PBI,37,1035.0,179.0,0.2702702702702703
LGA_PHL,6,96.0,74.5,0.0
LGA_PIT,41,335.0,99.0,0.24390243902439024
LGA_PVD,6,143.0,66.5,0.5
LGA_PWM,23,269.0,86.0,0.21739130434782608
LGA_RDU,60,431.0,110.0,0.23333333333333334
LGA_RIC,28,292.0,94.0,0.25
LGA_ROA,3,405.0,113.0,0.3333333333333333
LGA_ROC,17,254.0,86.0,0.17647058823529413
LGA_RSW,10,1080.0,201.5,0.2
LGA_SAV,13,722.0,144.0,0.46153846153846156
LGA_SDF,15,659.0,149.0,0.3333333333333333
LGA_SRQ,9,1047.0,200.0,0.3333333333333333
LGA_STL,48,888.0,173.0,0.16666666666666666
LGA_SYR,16,198.0,76.5,0.0625
LGA_TPA,40,1010.0,181.5,0.2
LGA_TUL,1,1231.0,213.0,0.0
LGA_TVC,1,655.0,130.0,0.0
LGA_TYS,11,648.0,140.0,0.09090909090909091
LGA_XNA,8,1147.0,213.5,0.375
LGB_AUS,4,1226.0,170.0,0.25
LGB_BNA,1,1785.0,225.0,0.0
LGB_BOS,1,2602.0,319.0,0.0
LGB_BZN,1,904.0,156.0,0.0
LGB_DAL,3,1232.0,170.0,0.0
LGB_DEN,9,854.0,135.0,0.2222222222222222
LGB_HNL,7,2569.0,355.0,0.0
LGB_HOU,4,1374.0,185.0,0.25
LGB_JFK,6,2465.0,311.0,0.3333333333333333
LGB_LAS,33,231.0,65.0,0.18181818181818182
LGB_MCI,2,1353.0,187.5,0.0
LGB_MDW,4,1741.0,232.5,0.25
LGB_MSY,1,1655.0,205.0,0.0
LGB_OAK,25,353.0,80.0,0.12
LGB_OGG,9,2498.0,345.0,0.1111111111111111
LGB_PDX,2,846.0,139.5,0.0
LGB_PHX,15,355.0,80.0,0.2
LGB_RNO,7,402.0,85.0,0.5714285714285714
LGB_SEA,1,965.0,162.0,0.0
LGB_SFO,2,354.0,89.5,0.0
LGB_SJC,18,324.0,70.0,0.1111111111111111
LGB_SLC,25,588.0,110.0,0.04
LGB_SMF,21,387.0,85.0,0.09523809523809523
LGB_STL,6,1581.0,212.5,0.5
LIH_DEN,7,3414.0,409.0,0.0
LIH_HNL,94,102.0,37.0,0.1595744680851064
LIH_KOA,7,263.0,53.0,0.2857142857142857
LIH_LAS,2,2818.0,352.5,0.0
LIH_LAX,17,2615.0,333.0,0.11764705882352941
LIH_OAK,8,2457.0,315.0,0.125
LIH_OGG,18,201.0,49.0,0.16666666666666666
LIH_PDX,1,2631.0,325.0,1.0
LIH_PHX,5,2979.0,355.0,0.4
LIH_SAN,6,2676.0,338.0,0.0
LIH_SEA,13,2701.0,345.0,0.07692307692307693
LIH_SFO,4,2447.0,309.0,0.0
LIH_SJC,5,2466.0,312.0,0.4
LIT_ATL,36,453.0,90.0,0.2222222222222222
LIT_CLT,10,640.0,121.5,0.1
LIT_DAL,14,296.0,70.0,0.21428571428571427
LIT_DCA,3,888.0,146.0,0.0
LIT_DEN,13,771.0,145.0,0.0
LIT_DFW,28,304.0,85.0,0.21428571428571427
LIT_DTW,1,705.0,125.0,0.0
LIT_HOU,1,393.0,95.0,0.0
LIT_IAH,13,374.0,94.0,0.07692307692307693
LIT_LAS,3,1294.0,205.0,0.3333333333333333
LIT_LAX,1,1494.0,217.0,0.0
LIT_LGA,1,1085.0,175.0,0.0
LIT_MCO,2,776.0,131.0,0.0
LIT_ORD,20,552.0,118.0,0.25
LIT_PHX,3,1136.0,185.0,0.0
LIT_SFB,4,765.0,120.0,0.5
LIT_STL,12,296.0,70.0,0.08333333333333333
LIT_VPS,1,443.0,81.0,1.0
LNK_DEN,4,423.0,99.0,0.75
LNK_MSP,6,331.0,89.5,0.0
LNK_ORD,9,466.0,109.0,0.2222222222222222
LRD_DFW,13,396.0,93.0,0.15384615384615385
LRD_IAH,3,301.0,82.0,0.3333333333333333
LRD_LAS,3,1092.0,166.0,0.3333333333333333
LSE_DTW,3,416.0,93.0,0.0
LSE_MSP,14,119.0,58.5,0.07142857142857142
LSE_ORD,14,215.0,78.0,0.21428571428571427
LWB_IAD,3,176.0,58.0,0.0
LWB_ORD,5,489.0,120.0,0.0
LWB_SHD,1,87.0,45.0,1.0
LWS_DEN,1,768.0,140.0,0.0
LWS_SLC,15,461.0,89.0,0.06666666666666667
LYH_CLT,8,175.0,71.0,0.0
MAF_DAL,17,319.0,75.0,0.23529411764705882
MAF_DEN,7,563.0,118.0,0.0
MAF_DFW,27,309.0,80.0,0.14814814814814814
MAF_HOU,14,441.0,85.0,0.21428571428571427
MAF_IAH,26,429.0,90.0,0.15384615384615385
MAF_LAS,9,795.0,140.0,0.1111111111111111
MAF_PHX,9,581.0,124.0,0.2222222222222222
MBS_DTW,16,98.0,51.5,0.0
MBS_MSP,2,463.0,111.0,0.0
MBS_ORD,6,222.0,76.0,0.16666666666666666
MCI_ATL,50,692.0,117.0,0.14
MCI_AUS,9,650.0,114.0,0.3333333333333333
MCI_BNA,17,491.0,90.0,0.17647058823529413
MCI_BOS,10,1256.0,183.5,0.4
MCI_BWI,13,967.0,140.0,0.07692307692307693
MCI_CLT,23,808.0,139.0,0.08695652173913043
MCI_CVG,2,539.0,104.5,0.0
MCI_DAL,20,461.0,92.5,0.15
MCI_DCA,12,949.0,146.5,0.0
MCI_DEN,58,533.0,111.0,0.13793103448275862
MCI_DFW,36,460.0,105.0,0.16666666666666666
MCI_DTW,24,629.0,112.0,0.08333333333333333
MCI_EWR,12,1092.0,171.0,0.16666666666666666
MCI_FLL,9,1242.0,180.0,0.1111111111111111
MCI_HOU,13,666.0,125.0,0.15384615384615385
MCI_IAD,2,926.0,146.5,0.5
MCI_IAH,15,643.0,131.0,0.0
MCI_IND,2,451.0,82.5,1.0
MCI_JFK,6,1113.0,177.0,0.16666666666666666
MCI_LAS,23,1139.0,183.0,0.17391304347826086
MCI_LAX,15,1363.0,220.0,0.13333333333333333
MCI_LGA,24,1107.0,171.0,0.0
MCI_LGB,1,1353.0,210.0,0.0
MCI_MCO,21,1072.0,164.0,0.19047619047619047
MCI_MDW,32,405.0,80.0,0.125
MCI_MIA,10,1251.0,187.5,0.2
MCI_MKE,3,436.0,85.0,0.0
MCI_MSP,18,393.0,85.0,0.1111111111111111
MCI_MSY,5,689.0,110.0,0.2
MCI_MYR,1,959.0,142.0,0.0
MCI_OAK,5,1489.0,220.0,0.2
MCI_ORD,48,403.0,99.0,0.16666666666666666
MCI_PGD,3,1125.0,157.0,0.6666666666666666
MCI_PHL,13,1038.0,161.0,0.0
MCI_PHX,36,1044.0,172.0,0.1388888888888889
MCI_PIE,3,1045.0,154.0,0.3333333333333333
MCI_PNS,2,743.0,117.5,0.5
MCI_RDU,3,904.0,135.0,0.0
MCI_RSW,1,1155.0,165.0,1.0
MCI_SAN,10,1334.0,205.0,0.4
MCI_SAT,2,706.0,127.5,0.0
MCI_SEA,11,1489.0,234.0,0.09090909090909091
MCI_SFO,3,1499.0,244.0,0.0
MCI_SLC,12,920.0,157.5,0.08333333333333333
MCI_SRQ,1,1078.0,155.0,0.0
MCI_STL,13,237.0,65.0,0.0
MCI_TPA,11,1048.0,150.0,0.0
MCI_VPS,1,764.0,130.0,0.0
MCO_ACY,11,852.0,137.0,0.36363636363636365
MCO_ALB,14,1073.0,165.0,0.21428571428571427
MCO_ATL,117,404.0,95.0,0.17094017094017094
MCO_AUS,38,994.0,170.0,0.2894736842105263
MCO_AVL,3,488.0,100.0,0.0
MCO_BDL,51,1050.0,160.0,0.2549019607843137
MCO_BHM,10,479.0,95.0,0.1
MCO_BMI,2,936.0,169.5,0.5
MCO_BNA,36,616.0,120.0,0.16666666666666666
MCO_BOS,61,1121.0,179.0,0.29508196721311475
MCO_BQN,14,1129.0,161.5,0.21428571428571427
MCO_BUF,21,1011.0,155.0,0.2857142857142857
MCO_BWI,75,787.0,135.0,0.2
MCO_CAK,2,861.0,142.5,0.0
MCO_CLE,37,895.0,147.0,0.1891891891891892
MCO_CLT,77,468.0,106.0,0.1038961038961039
MCO_CMH,27,802.0,135.0,0.14814814814814814
MCO_COS,1,1520.0,250.0,0.0
MCO_CVG,20,757.0,130.0,0.25
MCO_DAL,25,973.0,165.0,0.12
MCO_DCA,39,759.0,130.0,0.2564102564102564
MCO_DEN,57,1546.0,245.0,0.14035087719298245
MCO_DFW,61,985.0,178.0,0.16393442622950818
MCO_DSM,2,1141.0,194.0,0.0
MCO_DTW,52,957.0,159.5,0.17307692307692307
MCO_EWR,80,937.0,160.0,0.35
MCO_FAR,1,1526.0,247.0,0.0
MCO_FLL,17,177.0,68.0,0.0
MCO_GRR,2,1024.0,176.5,0.0
MCO_HOU,25,849.0,150.0,0.2
MCO_HPN,15,972.0,162.0,0.4666666666666667
MCO_HSV,3,535.0,112.0,0.0
MCO_IAD,31,758.0,130.0,0.22580645161290322
MCO_IAH,43,854.0,156.0,0.2558139534883721
MCO_IND,29,829.0,146.0,0.1724137931034483
MCO_ISP,18,971.0,155.0,0.2222222222222222
MCO_JAN,3,588.0,120.0,0.0
MCO_JFK,62,944.0,156.0,0.3064516129032258
MCO_LAS,13,2039.0,304.0,0.15384615384615385
MCO_LAX,43,2218.0,319.0,0.23255813953488372
MCO_LBE,6,823.0,140.5,0.3333333333333333
MCO_LGA,66,950.0,157.0,0.24242424242424243
MCO_MCI,21,1072.0,175.0,0.3333333333333333
MCO_MDT,2,851.0,146.5,0.5
MCO_MDW,40,990.0,165.0,0.3
MCO_MEM,4,684.0,122.5,0.0
MCO_MHT,13,1142.0,170.0,0.23076923076923078
MCO_MIA,34,192.0,70.5,0.3235294117647059
MCO_MKE,24,1066.0,175.0,0.20833333333333334
MCO_MSP,28,1310.0,211.0,0.07142857142857142
MCO_MSY,21,551.0,110.0,0.23809523809523808
MCO_MYR,3,388.0,82.0,0.0
MCO_OKC,1,1069.0,183.0,0.0
MCO_OMA,6,1211.0,201.0,0.5
MCO_ONT,2,2171.0,315.0,1.0
MCO_ORD,72,1005.0,183.0,0.19444444444444445
MCO_ORF,7,655.0,115.0,0.2857142857142857
MCO_ORH,1,1091.0,165.0,1.0
MCO_PDX,8,2534.0,370.0,0.25
MCO_PHL,86,861.0,150.0,0.26744186046511625
MCO_PHX,25,1849.0,290.0,0.24
MCO_PIT,19,834.0,135.0,0.15789473684210525
MCO_PNS,2,381.0,83.5,0.0
MCO_PSE,10,1179.0,171.5,0.7
MCO_PVD,30,1072.0,161.0,0.26666666666666666
MCO_PWM,3,1214.0,179.0,0.6666666666666666
MCO_RDU,43,534.0,103.0,0.13953488372093023
MCO_RIC,8,667.0,116.0,0.25
MCO_ROC,3,1033.0,163.0,0.3333333333333333
MCO_RSW,4,133.0,50.0,0.25
MCO_SAN,9,2149.0,317.0,0.3333333333333333
MCO_SAT,12,1041.0,177.5,0.25
MCO_SDF,9,719.0,130.0,0.2222222222222222
MCO_SEA,20,2554.0,387.0,0.15
MCO_SFO,16,2446.0,349.5,0.125
MCO_SJC,1,2421.0,370.0,0.0
MCO_SJU,99,1189.0,170.0,0.2828282828282828
MCO_SLC,25,1931.0,286.0,0.16
MCO_SMF,1,2408.0,370.0,0.0
MCO_STL,34,882.0,150.0,0.29411764705882354
MCO_STT,4,1246.0,171.0,0.5
MCO_SWF,2,989.0,167.0,0.0
MCO_SYR,11,1053.0,166.0,0.18181818181818182
MCO_TTN,8,896.0,153.0,0.0
MCW_FOD,3,61.0,36.0,0.3333333333333333
MCW_ORD,2,288.5,85.5,0.5
MDT_ATL,14,620.0,124.0,0.14285714285714285
MDT_BNA,1,608.0,109.0,0.0
MDT_CLT,23,413.0,101.0,0.08695652173913043
MDT_DEN,1,1474.0,242.0,1.0
MDT_DFW,5,1231.0,205.0,0.0
MDT_DTW,10,371.0,99.5,0.1
MDT_EWR,2,141.0,71.0,0.5
MDT_MCO,4,851.0,155.5,0.75
MDT_MYR,1,465.0,89.0,0.0
MDT_ORD,21,594.0,130.0,0.09523809523809523
MDT_PHL,1,84.0,52.0,0.0
MDT_PIE,4,912.0,149.5,0.0
MDT_SFB,13,827.0,135.0,0.3076923076923077
MDT_SRQ,2,942.0,144.5,0.0
MDW_ABQ,8,1121.0,180.0,0.25
MDW_ALB,6,717.0,110.0,0.16666666666666666
MDW_ATL,53,591.0,113.0,0.16981132075471697
MDW_AUS,17,972.0,160.0,0.17647058823529413
MDW_AVL,1,521.0,96.0,1.0
MDW_BDL,7,777.0,120.0,0.2857142857142857
MDW_BHM,7,570.0,100.0,0.2857142857142857
MDW_BNA,37,395.0,85.0,0.13513513513513514
MDW_BOI,2,1448.0,225.0,0.5
MDW_BOS,27,861.0,135.0,0.18518518518518517
MDW_BUF,17,468.0,85.0,0.17647058823529413
MDW_BUR,2,1740.0,265.0,0.5
MDW_BWI,32,611.0,105.0,0.15625
MDW_CHS,12,745.0,120.0,0.25
MDW_CLE,8,307.0,70.0,0.125
MDW_CLT,9,584.0,105.0,0.1111111111111111
MDW_CMH,24,283.0,70.0,0.20833333333333334
MDW_COS,5,917.0,155.0,0.4
MDW_CVG,18,249.0,65.0,0.3333333333333333
MDW_DAL,40,793.0,140.0,0.325
MDW_DCA,29,601.0,105.0,0.27586206896551724
MDW_DEN,43,895.0,155.0,0.18604651162790697
MDW_DFW,3,797.0,145.0,0.6666666666666666
MDW_DTW,31,228.0,69.0,0.1935483870967742
MDW_ECP,1,795.0,125.0,0.0
MDW_EWR,7,711.0,125.0,0.5714285714285714
MDW_FLL,28,1167.0,180.0,0.32142857142857145
MDW_GRR,9,137.0,55.0,0.4444444444444444
MDW_HOU,22,937.0,160.0,0.3181818181818182
MDW_IAD,14,577.0,100.0,0.14285714285714285
MDW_IAH,3,917.0,170.0,0.0
MDW_IND,4,162.0,57.5,0.0
MDW_JAX,7,849.0,135.0,0.14285714285714285
MDW_LAS,48,1521.0,235.0,0.20833333333333334
MDW_LAX,21,1750.0,265.0,0.3333333333333333
MDW_LGA,16,725.0,125.0,0.25
MDW_LGB,2,1741.0,252.5,0.0
MDW_MCI,36,405.0,90.0,0.16666666666666666
MDW_MCO,46,990.0,155.0,0.2608695652173913
MDW_MEM,9,480.0,95.0,0.1111111111111111
MDW_MHT,6,838.0,122.5,0.5
MDW_MIA,15,1182.0,180.0,0.3333333333333333
MDW_MSP,52,349.0,90.0,0.1346153846153846
MDW_MSY,6,825.0,137.5,0.16666666666666666
MDW_MYR,6,738.0,117.5,0.16666666666666666
MDW_OAK,15,1844.0,280.0,0.13333333333333333
MDW_OKC,10,691.0,125.0,0.1
MDW_OMA,15,423.0,90.0,0.26666666666666666
MDW_ONT,1,1706.0,254.0,0.0
MDW_ORF,7,704.0,120.0,0.42857142857142855
MDW_PBI,1,1128.0,175.0,0.0
MDW_PDX,5,1751.0,260.0,0.2
MDW_PHL,13,668.0,115.0,0.07692307692307693
MDW_PHX,38,1444.0,225.0,0.15789473684210525
MDW_PIT,19,402.0,80.0,0.21052631578947367
MDW_PNS,1,781.0,120.0,1.0
MDW_PVD,4,842.0,127.5,0.25
MDW_PWM,2,895.0,137.5,0.5
MDW_RDU,10,632.0,107.5,0.2
MDW_RIC,4,629.0,110.0,0.0
MDW_ROC,2,523.0,95.0,0.5
MDW_RSW,26,1105.0,165.0,0.23076923076923078
MDW_SAN,13,1728.0,255.0,0.3076923076923077
MDW_SAT,9,1036.0,175.0,0.3333333333333333
MDW_SAV,3,758.0,125.0,0.6666666666666666
MDW_SDF,12,271.0,70.0,0.16666666666666666
MDW_SEA,7,1733.0,275.0,0.14285714285714285
MDW_SFO,6,1855.0,285.0,0.0
MDW_SJC,4,1838.0,265.0,0.0
MDW_SJU,2,2057.0,277.5,0.0
MDW_SLC,17,1259.0,210.0,0.29411764705882354
MDW_SMF,4,1790.0,270.0,0.0
MDW_SNA,1,1731.0,260.0,0.0
MDW_SRQ,6,1035.0,160.0,0.3333333333333333
MDW_STL,32,251.0,70.0,0.25
MDW_TPA,28,997.0,150.0,0.25
MDW_TUL,1,583.0,100.0,1.0
MDW_TUS,2,1440.0,217.5,0.0
MEI_DFW,1,485.0,115.0,0.0
MEI_IAH,4,422.0,98.0,0.0
MEM_ATL,52,332.0,80.0,0.09615384615384616
MEM_AUS,5,559.0,117.0,0.0
MEM_AZA,1,1245.0,182.0,0.0
MEM_BOS,2,1139.0,186.0,0.5
MEM_BWI,3,787.0,120.0,0.3333333333333333
MEM_CLT,30,511.0,107.5,0.1
MEM_DAL,4,423.0,85.0,0.25
MEM_DCA,12,762.0,130.0,0.0
MEM_DEN,16,872.0,161.0,0.0625
MEM_DFW,32,431.0,102.0,0.28125
MEM_DTW,13,610.0,115.0,0.07692307692307693
MEM_EWR,5,946.0,147.0,0.0
MEM_FLL,3,851.0,135.0,0.3333333333333333
MEM_HOU,5,484.0,100.0,0.0
MEM_IAH,17,468.0,106.0,0.058823529411764705
MEM_LAS,6,1416.0,224.0,0.5
MEM_LAX,4,1619.0,240.0,0.25
MEM_LGA,6,963.0,160.5,0.3333333333333333
MEM_MCO,7,684.0,120.0,0.7142857142857143
MEM_MDW,11,480.0,95.0,0.18181818181818182
MEM_MIA,14,859.0,144.5,0.07142857142857142
MEM_MSP,9,700.0,134.0,0.1111111111111111
MEM_ORD,29,491.0,118.0,0.20689655172413793
MEM_PHL,9,875.0,147.0,0.0
MEM_PHX,4,1264.0,216.5,0.0
MEM_SFB,2,671.0,107.5,0.0
MEM_SLC,5,1262.0,212.0,0.0
MEM_TPA,2,655.0,110.0,0.5
MEM_VPS,1,373.0,85.0,0.0
MFE_DFW,38,469.0,100.0,0.21052631578947367
MFE_IAH,17,316.0,77.0,0.058823529411764705
MFE_LAS,4,1210.0,181.5,0.5
MFR_DEN,8,964.0,152.0,0.25
MFR_LAS,1,600.0,100.0,0.0
MFR_LAX,12,630.0,126.0,0.16666666666666666
MFR_PDX,4,222.0,60.0,0.0
MFR_PHX,9,854.0,143.0,0.0
MFR_SEA,22,352.0,88.0,0.0
MFR_SFO,22,329.0,89.5,0.09090909090909091
MFR_SLC,12,575.0,107.0,0.0
MFR_SNA,1,659.0,111.0,1.0
MGM_ATL,21,147.0,67.0,0.14285714285714285
MGM_CLT,3,372.0,93.0,0.0
MGM_DCA,8,693.0,125.5,0.125
MGM_DFW,6,622.0,128.0,0.16666666666666666
MHK_DFW,10,431.0,100.5,0.3
MHK_ORD,14,501.0,108.0,0.2857142857142857
MHT_BWI,26,377.0,95.0,0.15384615384615385
MHT_CLT,19,737.0,151.0,0.10526315789473684
MHT_DCA,13,406.0,108.0,0.15384615384615385
MHT_EWR,3,209.0,93.0,0.3333333333333333
MHT_FLL,5,1262.0,207.0,0.2
MHT_IAD,1,418.0,110.0,1.0
MHT_MCO,13,1142.0,195.0,0.15384615384615385
MHT_MDW,11,838.0,145.0,0.09090909090909091
MHT_MYR,1,756.0,131.0,0.0
MHT_ORD,9,843.0,170.0,0.1111111111111111
MHT_PHL,6,289.0,92.5,0.16666666666666666
MHT_RSW,2,1271.0,223.5,0.5
MHT_TPA,1,1204.0,195.0,1.0
MIA_AGS,1,531.0,114.0,0.0
MIA_ATL,83,594.0,120.0,0.2289156626506024
MIA_AUS,26,1103.0,190.0,0.19230769230769232
MIA_BDL,13,1194.0,189.0,0.15384615384615385
MIA_BHM,11,661.0,124.0,0.18181818181818182
MIA_BNA,18,806.0,144.5,0.3888888888888889
MIA_BOS,54,1258.0,199.5,0.2222222222222222
MIA_BTV,1,1348.0,217.0,0.0
MIA_BUF,1,1185.0,191.0,0.0
MIA_BWI,15,946.0,160.0,0.13333333333333333
MIA_CAE,1,563.0,115.0,1.0
MIA_CHS,8,489.0,111.0,0.0
MIA_CLE,13,1080.0,180.0,0.15384615384615385
MIA_CLT,40,650.0,129.0,0.15
MIA_CMH,10,990.0,170.0,0.0
MIA_CVG,15,948.0,164.0,0.4666666666666667
MIA_DAL,4,1109.0,187.5,0.0
MIA_DCA,40,919.0,154.0,0.15
MIA_DEN,30,1709.0,269.0,0.13333333333333333
MIA_DFW,63,1121.0,194.0,0.19047619047619047
MIA_DSM,1,1327.0,223.0,0.0
MIA_DTW,34,1145.0,188.0,0.23529411764705882
MIA_EGE,2,1810.0,278.0,0.5
MIA_EWR,57,1085.0,184.0,0.2807017543859649
MIA_EYW,16,126.0,56.0,0.125
MIA_GNV,3,294.0,74.0,0.3333333333333333
MIA_GRR,2,1214.0,198.5,0.5
MIA_GSO,3,710.0,130.0,0.3333333333333333
MIA_GSP,10,637.0,121.0,0.1
MIA_HOU,7,955.0,170.0,0.14285714285714285
MIA_IAD,10,921.0,155.5,0.1
MIA_IAH,40,964.0,170.5,0.175
MIA_IND,8,1020.0,173.0,0.25
MIA_JAN,1,742.0,124.0,0.0
MIA_JAX,19,335.0,82.0,0.3684210526315789
MIA_JFK,59,1089.0,179.0,0.3050847457627119
MIA_LAS,15,2174.0,315.0,0.26666666666666666
MIA_LAX,45,2342.0,338.0,0.26666666666666666
MIA_LGA,77,1096.0,179.0,0.23376623376623376
MIA_MCI,10,1251.0,199.5,0.3
MIA_MCO,42,192.0,71.0,0.14285714285714285
MIA_MDW,10,1182.0,197.5,0.2
MIA_MEM,4,859.0,164.0,0.0
MIA_MKE,1,1258.0,212.0,0.0
MIA_MSP,17,1501.0,234.0,0.23529411764705882
MIA_MSY,19,675.0,127.0,0.21052631578947367
MIA_OKC,2,1222.0,208.5,1.0
MIA_OMA,3,1393.0,231.0,0.0
MIA_ORD,60,1197.0,204.0,0.26666666666666666
MIA_ORF,4,802.0,145.5,0.25
MIA_PHL,37,1013.0,170.0,0.2972972972972973
MIA_PHX,16,1972.0,298.0,0.3125
MIA_PIT,9,1013.0,171.0,0.3333333333333333
MIA_PNS,8,530.0,109.5,0.125
MIA_PWM,3,1353.0,210.0,0.0
MIA_RDU,39,700.0,131.0,0.15384615384615385
MIA_RIC,7,825.0,151.0,0.2857142857142857
MIA_RSW,1,104.0,51.0,0.0
MIA_SAN,5,2267.0,330.0,0.2
MIA_SAT,5,1143.0,189.0,0.2
MIA_SAV,7,440.0,96.0,0.2857142857142857
MIA_SDF,5,910.0,161.0,0.2
MIA_SEA,5,2724.0,406.0,0.4
MIA_SFO,18,2585.0,382.5,0.2222222222222222
MIA_SJU,46,1045.0,157.5,0.17391304347826086
MIA_SLC,6,2088.0,318.0,0.3333333333333333
MIA_STL,10,1068.0,175.5,0.1
MIA_STT,12,1107.0,169.5,0.08333333333333333
MIA_STX,8,1139.0,161.5,0.0
MIA_TLH,8,402.0,89.5,0.0
MIA_TPA,41,204.0,66.0,0.17073170731707318
MIA_TYS,3,724.0,136.0,0.0
MIA_XNA,1,1099.0,198.0,1.0
MKE_ATL,26,669.0,120.0,0.0
MKE_BNA,9,475.0,90.0,0.0
MKE_BOS,6,860.0,142.5,0.3333333333333333
MKE_BWI,9,641.0,110.0,0.0
MKE_CLE,3,328.0,75.0,0.0
MKE_CLT,30,651.0,130.0,0.1
MKE_DAL,2,850.0,147.5,0.0
MKE_DCA,9,634.0,110.0,0.1111111111111111
MKE_DEN,35,896.0,160.0,0.17142857142857143
MKE_DFW,11,853.0,155.0,0.09090909090909091
MKE_DTW,21,237.0,70.0,0.19047619047619047
MKE_EWR,11,725.0,140.0,0.2727272727272727
MKE_FLL,3,1243.0,190.0,0.0
MKE_HOU,2,1004.0,165.0,0.0
MKE_IAH,4,984.0,181.0,0.0
MKE_JFK,3,745.0,135.0,0.0
MKE_LAS,15,1524.0,230.0,0.26666666666666666
MKE_LGA,21,738.0,130.0,0.3333333333333333
MKE_MCI,6,436.0,90.0,0.0
MKE_MCO,15,1066.0,165.0,0.13333333333333333
MKE_MIA,1,1258.0,195.0,0.0
MKE_MSP,20,297.0,79.0,0.1
MKE_ORD,28,67.0,60.0,0.17857142857142858
MKE_PHL,8,690.0,122.5,0.125
MKE_PHX,22,1460.0,234.0,0.045454545454545456
MKE_RSW,10,1183.0,177.0,0.2
MKE_SEA,9,1694.0,264.0,0.3333333333333333
MKE_SLC,3,1247.0,206.0,0.0
MKE_STL,10,317.0,80.0,0.1
MKE_TPA,11,1075.0,165.0,0.18181818181818182
MKG_ORD,11,119.0,66.0,0.18181818181818182
MLB_ATL,24,442.0,97.0,0.0
MLB_CLT,14,490.0,112.0,0.21428571428571427
MLB_DCA,1,769.0,131.0,1.0
MLB_PHL,1,868.0,147.0,0.0
MLI_ATL,20,633.0,123.0,0.1
MLI_DEN,3,752.0,149.0,0.6666666666666666
MLI_DFW,8,691.0,136.0,0.375
MLI_DTW,3,373.0,96.0,0.0
MLI_MSP,3,274.0,84.0,0.0
MLI_ORD,20,139.0,64.0,0.3
MLI_PIE,3,1033.0,149.0,0.3333333333333333
MLI_SFB,2,1018.0,147.0,0.0
MLU_ATL,16,448.0,97.0,0.0625
MLU_DFW,19,293.0,84.0,0.05263157894736842
MLU_IAH,2,262.0,82.0,0.0
MMH_LAX,2,256.0,85.0,1.0
MMH_SFO,1,193.0,85.0,0.0
MOB_ATL,30,302.0,81.5,0.26666666666666666
MOB_CLT,5,526.0,111.0,0.2
MOB_DFW,15,539.0,111.0,0.6
MOB_IAH,12,427.0,102.5,0.25
MOT_AZA,2,1164.0,177.0,0.0
MOT_DEN,10,604.0,121.5,0.3
MOT_LAS,1,1098.0,177.0,0.0
MOT_MSP,31,449.0,93.0,0.0967741935483871
MQT_DTW,8,349.0,85.5,0.25
MQT_MSP,4,300.0,93.0,0.0
MQT_ORD,9,303.0,85.0,0.2222222222222222
MRY_DEN,2,959.0,156.5,0.0
MRY_DFW,9,1430.0,208.0,0.1111111111111111
MRY_LAS,1,375.0,77.0,1.0
MRY_LAX,15,266.0,87.0,0.13333333333333333
MRY_PHX,11,598.0,109.0,0.0
MRY_SAN,5,375.0,82.0,0.0
MRY_SEA,1,750.0,136.0,0.0
MRY_SFO,6,77.0,55.0,0.16666666666666666
MSN_ATL,10,707.0,127.5,0.2
MSN_CLT,18,708.0,136.5,0.2777777777777778
MSN_DCA,2,707.0,125.0,0.5
MSN_DEN,18,826.0,150.5,0.16666666666666666
MSN_DFW,12,821.0,152.0,0.25
MSN_DTW,17,311.0,77.0,0.17647058823529413
MSN_EWR,5,799.0,144.0,0.0
MSN_LAX,2,1687.0,267.0,0.5
MSN_LGA,5,812.0,137.0,0.2
MSN_MCO,1,1109.0,188.0,1.0
MSN_MSP,25,228.0,72.0,0.2
MSN_ORD,37,109.0,61.0,0.16216216216216217
MSN_PHL,7,764.0,128.0,0.0
MSN_PHX,5,1396.0,226.0,0.2
MSO_DEN,18,679.0,122.5,0.2777777777777778
MSO_DFW,6,1320.0,195.0,0.3333333333333333
MSO_LAS,2,750.0,127.5,0.0
MSO_LAX,3,923.0,154.0,0.3333333333333333
MSO_MSP,9,1013.0,153.0,0.3333333333333333
MSO_ORD,5,1332.0,205.0,0.0
MSO_PDX,1,418.0,96.0,0.0
MSO_SAN,2,992.0,165.0,0.5
MSO_SEA,9,389.0,103.0,0.2222222222222222
MSO_SFO,1,769.0,148.0,1.0
MSO_SLC,18,436.0,92.0,0.05555555555555555
MSP_ABR,15,257.0,82.0,0.13333333333333333
MSP_ALB,3,980.0,157.0,0.0
MSP_ANC,8,2519.0,352.0,0.0
MSP_ASE,1,802.0,175.0,0.0
MSP_ATL,60,907.0,150.5,0.08333333333333333
MSP_ATW,18,236.0,72.5,0.05555555555555555
MSP_AUS,12,1042.0,164.5,0.25
MSP_AVL,3,861.0,136.0,0.3333333333333333
MSP_AZA,1,1267.0,201.0,0.0
MSP_AZO,4,426.0,91.5,0.0
MSP_BDL,16,1050.0,156.0,0.0
MSP_BIL,12,748.0,138.5,0.08333333333333333
MSP_BIS,31,386.0,95.0,0.06451612903225806
MSP_BJI,11,199.0,64.0,0.09090909090909091
MSP_BNA,32,695.0,123.0,0.21875
MSP_BOI,8,1142.0,184.0,0.125
MSP_BOS,21,1124.0,169.0,0.23809523809523808
MSP_BRD,13,114.0,52.0,0.23076923076923078
MSP_BTV,1,987.0,153.0,0.0
MSP_BUF,1,735.0,130.0,0.0
MSP_BWI,27,936.0,145.0,0.2222222222222222
MSP_BZN,16,874.0,148.0,0.0
MSP_CID,8,220.0,72.5,0.125
MSP_CIU,7,435.0,92.0,0.0
MSP_CLE,21,622.0,114.0,0.23809523809523808
MSP_CLT,48,930.0,155.0,0.10416666666666667
MSP_CMH,16,626.0,118.0,0.125
MSP_COS,1,725.0,129.0,0.0
MSP_CVG,20,596.0,111.0,0.25
MSP_CWA,17,175.0,61.0,0.058823529411764705
MSP_DAL,3,853.0,150.0,0.0
MSP_DAY,4,574.0,117.0,0.0
MSP_DCA,46,931.0,147.5,0.1956521739130435
MSP_DEN,95,680.0,130.0,0.11578947368421053
MSP_DFW,41,852.0,158.0,0.12195121951219512
MSP_DLH,24,144.0,56.5,0.08333333333333333
MSP_DSM,17,232.0,74.0,0.058823529411764705
MSP_DTW,37,528.0,102.0,0.1891891891891892
MSP_ESC,1,304.0,67.0,0.0
MSP_EWR,36,1008.0,166.5,0.3333333333333333
MSP_FAR,27,223.0,68.0,0.2222222222222222
MSP_FCA,8,1026.0,175.5,0.125
MSP_FLL,9,1487.0,216.0,0.3333333333333333
MSP_FSD,26,196.0,69.0,0.0
MSP_FWA,5,488.0,100.0,0.2
MSP_GEG,17,1175.0,190.0,0.058823529411764705
MSP_GFK,18,284.0,81.0,0.05555555555555555
MSP_GRB,20,252.0,70.0,0.25
MSP_GRR,19,408.0,83.0,0.2631578947368421
MSP_GTF,5,887.0,154.0,0.2
MSP_HIB,10,174.0,57.0,0.0
MSP_HLN,5,913.0,181.0,0.4
MSP_HRL,1,1310.0,209.0,0.0
MSP_IAD,24,908.0,149.0,0.08333333333333333
MSP_IAH,45,1034.0,181.0,0.15555555555555556
MSP_ICT,8,545.0,115.5,0.125
MSP_IMT,3,257.0,68.0,0.0
MSP_IND,26,503.0,96.5,0.11538461538461539
MSP_INL,9,255.0,71.0,0.0
MSP_ISN,3,546.0,119.0,0.0
MSP_JAC,4,872.0,150.5,0.25
MSP_JAX,2,1174.0,172.0,0.0
MSP_JFK,18,1029.0,164.5,0.1111111111111111
MSP_LAS,35,1299.0,206.0,0.14285714285714285
MSP_LAX,35,1535.0,242.0,0.14285714285714285
MSP_LEX,1,650.0,131.0,0.0
MSP_LGA,25,1020.0,165.0,0.12
MSP_LNK,7,331.0,101.0,0.0
MSP_LSE,9,119.0,60.0,0.1111111111111111
MSP_MBS,1,463.0,118.0,0.0
MSP_MCI,18,393.0,90.5,0.05555555555555555
MSP_MCO,29,1310.0,196.0,0.20689655172413793
MSP_MDW,45,349.0,93.0,0.17777777777777778
MSP_MEM,17,700.0,131.0,0.0
MSP_MIA,18,1501.0,224.0,0.05555555555555555
MSP_MKE,28,297.0,72.5,0.17857142857142858
MSP_MLI,4,274.0,77.0,0.25
MSP_MOT,21,449.0,100.0,0.09523809523809523
MSP_MQT,3,300.0,74.0,0.0
MSP_MSN,17,228.0,66.0,0.23529411764705882
MSP_MSO,8,1013.0,174.5,0.375
MSP_MSY,6,1039.0,165.5,0.0
MSP_OKC,9,694.0,129.0,0.2222222222222222
MSP_OMA,22,282.0,83.5,0.22727272727272727
MSP_ORD,82,334.0,94.5,0.1951219512195122
MSP_PDX,20,1426.0,227.0,0.1
MSP_PGD,1,1386.0,221.0,0.0
MSP_PHL,32,980.0,157.0,0.21875
MSP_PHX,70,1276.0,205.0,0.11428571428571428
MSP_PIT,19,726.0,128.0,0.10526315789473684
MSP_PSC,8,1254.0,212.5,0.0
MSP_PSP,1,1454.0,234.0,0.0
MSP_PVD,1,1117.0,162.0,0.0
MSP_PWM,2,1136.0,167.0,0.5
MSP_RAP,22,489.0,106.5,0.09090909090909091
MSP_RDU,20,980.0,151.5,0.2
MSP_RHI,9,190.0,66.0,0.2222222222222222
MSP_RIC,3,970.0,158.0,0.0
MSP_RNO,1,1405.0,236.0,0.0
MSP_ROC,1,783.0,130.0,0.0
MSP_RST,16,76.0,51.5,0.0625
MSP_RSW,18,1416.0,208.0,0.16666666666666666
MSP_SAN,10,1532.0,238.0,0.0
MSP_SAT,9,1097.0,181.0,0.1111111111111111
MSP_SAV,1,1092.0,159.0,0.0
MSP_SBN,7,411.0,97.0,0.2857142857142857
MSP_SDF,12,604.0,120.5,0.25
MSP_SEA,35,1399.0,230.0,0.08571428571428572
MSP_SFO,27,1589.0,254.0,0.2222222222222222
MSP_SJC,2,1575.0,248.5,0.5
MSP_SJU,3,2404.0,314.0,0.0
MSP_SLC,23,991.0,172.0,0.13043478260869565
MSP_SMF,6,1517.0,239.0,0.16666666666666666
MSP_SNA,9,1522.0,238.0,0.2222222222222222
MSP_SRQ,4,1342.0,195.5,0.75
MSP_STL,26,448.0,93.5,0.07692307692307693
MSP_SYR,1,860.0,134.0,0.0
MSP_TPA,14,1306.0,192.5,0.07142857142857142
MSP_TUL,2,615.0,132.5,0.0
MSP_TVC,5,376.0,87.0,0.0
MSP_TYS,1,792.0,145.0,0.0
MSP_XNA,1,596.0,119.0,0.0
MSP_XWA,8,553.0,118.0,0.0
MSY_ATL,66,425.0,90.0,0.07575757575757576
MSY_AUS,28,444.0,90.0,0.10714285714285714
MSY_BNA,14,471.0,90.0,0.07142857142857142
MSY_BOS,3,1368.0,194.0,0.0
MSY_BWI,13,998.0,145.0,0.23076923076923078
MSY_CLE,3,917.0,141.0,0.3333333333333333
MSY_CLT,31,651.0,122.0,0.06451612903225806
MSY_CMH,1,806.0,125.0,0.0
MSY_CVG,7,701.0,120.0,0.42857142857142855
MSY_DAL,30,436.0,90.0,0.2
MSY_DCA,24,969.0,152.0,0.125
MSY_DEN,38,1062.0,176.0,0.18421052631578946
MSY_DFW,38,447.0,106.5,0.10526315789473684
MSY_DTW,18,926.0,152.5,0.1111111111111111
MSY_EWR,17,1167.0,181.0,0.23529411764705882
MSY_FLL,27,674.0,112.0,0.07407407407407407
MSY_HOU,35,302.0,75.0,0.14285714285714285
MSY_IAD,7,955.0,141.0,0.14285714285714285
MSY_IAH,45,305.0,82.0,0.2
MSY_JFK,29,1182.0,183.0,0.3448275862068966
MSY_LAS,18,1500.0,230.0,0.16666666666666666
MSY_LAX,22,1670.0,256.5,0.13636363636363635
MSY_LGA,17,1183.0,179.0,0.4117647058823529
MSY_MCI,1,689.0,115.0,0.0
MSY_MCO,32,551.0,105.0,0.125
MSY_MDW,10,825.0,135.0,0.2
MSY_MIA,25,675.0,115.0,0.2
MSY_MSP,8,1039.0,168.5,0.25
MSY_OAK,2,1903.0,282.5,0.5
MSY_ORD,22,836.0,154.5,0.045454545454545456
MSY_PHL,17,1089.0,168.0,0.29411764705882354
MSY_PHX,6,1300.0,212.5,0.16666666666666666
MSY_RDU,1,779.0,126.0,0.0
MSY_SAN,2,1599.0,245.0,0.0
MSY_SAT,11,494.0,100.0,0.2727272727272727
MSY_SDF,1,620.0,101.0,0.0
MSY_SEA,6,2086.0,319.0,0.3333333333333333
MSY_SFO,4,1911.0,278.5,0.25
MSY_SJC,2,1884.0,270.0,0.5
MSY_SLC,7,1428.0,216.0,0.14285714285714285
MSY_STL,10,604.0,102.5,0.0
MSY_TPA,14,488.0,90.0,0.2857142857142857
MTJ_DAL,1,733.0,135.0,0.0
MTJ_DEN,17,196.0,69.0,0.058823529411764705
MTJ_DFW,14,722.0,127.5,0.21428571428571427
MTJ_GJT,1,54.0,40.0,0.0
MTJ_IAH,4,927.0,155.0,0.0
MTJ_LGA,1,1810.0,255.0,0.0
MTJ_ORD,3,1081.0,173.0,0.3333333333333333
MTJ_PHX,1,419.0,100.0,0.0
MVY_DCA,2,383.0,99.0,0.0
MVY_HPN,1,163.0,67.0,0.0
MVY_JFK,5,173.0,71.0,0.2
MYR_ABE,2,518.0,98.5,0.0
MYR_ACY,6,466.0,81.5,0.0
MYR_ALB,1,685.0,111.0,1.0
MYR_ATL,20,317.0,82.0,0.1
MYR_BDL,6,664.0,108.5,0.16666666666666666
MYR_BLV,1,696.0,109.0,0.0
MYR_BNA,3,471.0,95.0,0.3333333333333333
MYR_BOS,1,738.0,125.0,0.0
MYR_BWI,12,399.0,80.0,0.08333333333333333
MYR_CKB,1,394.0,78.0,0.0
MYR_CLE,1,557.0,100.0,0.0
MYR_CLT,40,157.0,70.0,0.075
MYR_CMH,2,488.0,92.5,0.0
MYR_CRW,1,356.0,69.0,1.0
MYR_CVG,1,489.0,94.0,0.0
MYR_DAL,2,1038.0,162.5,0.5
MYR_DCA,6,372.0,85.5,0.16666666666666666
MYR_DFW,5,1048.0,178.0,0.0
MYR_DTW,11,636.0,119.0,0.09090909090909091
MYR_EWR,8,550.0,117.5,0.25
MYR_FLL,5,529.0,111.0,0.0
MYR_HTS,1,382.0,75.0,0.0
MYR_IAD,4,372.0,88.0,0.25
MYR_IAG,1,650.0,111.0,0.0
MYR_IND,2,583.0,107.5,1.0
MYR_LBE,4,455.0,93.0,0.5
MYR_LCK,1,478.0,85.0,0.0
MYR_LGA,14,563.0,108.5,0.14285714285714285
MYR_MCO,3,388.0,89.0,0.3333333333333333
MYR_MDT,1,465.0,90.0,0.0
MYR_MDW,7,738.0,130.0,0.14285714285714285
MYR_MHT,1,756.0,121.0,0.0
MYR_MSP,3,1085.0,181.0,0.3333333333333333
MYR_ORD,5,753.0,142.0,0.2
MYR_PBG,1,811.0,126.0,0.0
MYR_PHL,9,473.0,98.0,0.1111111111111111
MYR_PIT,6,475.0,90.0,0.16666666666666666
MYR_ROC,1,655.0,118.0,1.0
MYR_STL,1,728.0,140.0,0.0
MYR_SWF,1,601.0,107.0,0.0
MYR_SYR,1,668.0,110.0,0.0
MYR_TTN,1,509.0,103.0,0.0
OAJ_ATL,16,399.0,96.5,0.0625
OAJ_CLT,23,191.0,79.0,0.21739130434782608
OAK_ABQ,6,889.0,135.0,0.16666666666666666
OAK_ATL,2,2130.0,280.0,0.0
OAK_AUS,4,1497.0,207.5,0.25
OAK_AZA,1,668.0,113.0,0.0
OAK_BLI,5,764.0,135.0,0.0
OAK_BNA,2,1959.0,245.0,0.0
OAK_BOI,16,512.0,90.0,0.1875
OAK_BUR,66,325.0,70.0,0.06060606060606061
OAK_BWI,2,2447.0,300.0,0.0
OAK_DAL,14,1468.0,205.0,0.2857142857142857
OAK_DEN,27,957.0,145.0,0.25925925925925924
OAK_EUG,4,445.0,84.5,0.0
OAK_EWR,1,2555.0,317.0,0.0
OAK_FCA,1,834.0,127.0,0.0
OAK_GEG,9,723.0,120.0,0.0
OAK_HNL,11,2409.0,330.0,0.18181818181818182
OAK_HOU,13,1642.0,225.0,0.3076923076923077
OAK_IAH,2,1628.0,231.0,0.0
OAK_IND,1,1933.0,245.0,1.0
OAK_JFK,3,2576.0,339.0,0.3333333333333333
OAK_KOA,6,2378.0,327.5,0.16666666666666666
OAK_LAS,55,407.0,90.0,0.12727272727272726
OAK_LAX,57,337.0,85.0,0.10526315789473684
OAK_LGB,21,353.0,85.0,0.047619047619047616
OAK_LIH,11,2457.0,340.0,0.09090909090909091
OAK_MCI,10,1489.0,200.0,0.0
OAK_MDW,7,1844.0,245.0,0.14285714285714285
OAK_MSY,2,1903.0,247.5,0.0
OAK_OGG,15,2349.0,330.0,0.0
OAK_ONT,26,362.0,80.0,0.11538461538461539
OAK_ORD,2,1836.0,256.5,0.5
OAK_PDX,28,543.0,100.0,0.14285714285714285
OAK_PHL,2,2511.0,321.0,0.5
OAK_PHX,33,646.0,115.0,0.15151515151515152
OAK_PSP,8,418.0,90.0,0.0
OAK_RNO,9,181.0,55.0,0.1111111111111111
OAK_SAN,47,446.0,90.0,0.2765957446808511
OAK_SAT,1,1476.0,200.0,0.0
OAK_SBA,2,263.0,70.0,0.5
OAK_SEA,39,672.0,125.0,0.23076923076923078
OAK_SLC,40,588.0,105.0,0.025
OAK_SNA,30,371.0,85.0,0.06666666666666667
OGD_AZA,2,544.0,93.5,0.0
OGG_ANC,2,2797.0,362.0,0.0
OGG_ATL,1,4431.0,495.0,1.0
OGG_DEN,5,3302.0,398.0,0.2
OGG_DFW,7,3711.0,419.0,0.14285714285714285
OGG_EWR,1,4904.0,569.0,0.0
OGG_HNL,151,100.0,40.0,0.12582781456953643
OGG_ITO,8,121.0,39.0,0.0
OGG_KOA,15,84.0,35.0,0.06666666666666667
OGG_LAS,3,2695.0,340.0,0.6666666666666666
OGG_LAX,43,2486.0,318.0,0.20930232558139536
OGG_LGB,5,2498.0,315.0,0.4
OGG_LIH,18,201.0,49.5,0.4444444444444444
OGG_OAK,22,2349.0,300.0,0.13636363636363635
OGG_ORD,8,4184.0,469.0,0.0
OGG_PDX,14,2562.0,325.0,0.42857142857142855
OGG_PHX,5,2845.0,345.0,0.2
OGG_SAN,11,2541.0,320.0,0.2727272727272727
OGG_SEA,26,2640.0,343.5,0.19230769230769232
OGG_SFO,33,2338.0,297.0,0.2727272727272727
OGG_SJC,13,2355.0,300.0,0.15384615384615385
OGG_SLC,3,2935.0,352.0,0.3333333333333333
OGG_SMF,8,2404.0,305.0,0.25
OGS_IAD,6,409.0,99.0,0.16666666666666666
OKC_ATL,36,761.0,123.0,0.05555555555555555
OKC_AUS,6,358.0,85.0,0.0
OKC_BNA,1,616.0,110.0,0.0
OKC_BWI,2,1180.0,167.5,0.0
OKC_CLT,23,940.0,156.0,0.08695652173913043
OKC_DAL,5,181.0,60.0,0.2
OKC_DCA,8,1158.0,172.5,0.125
OKC_DEN,29,495.0,104.0,0.10344827586206896
OKC_DFW,29,175.0,68.0,0.2413793103448276
OKC_DTW,2,900.0,152.5,0.5
OKC_HOU,15,419.0,90.0,0.26666666666666666
OKC_IAH,33,395.0,93.0,0.12121212121212122
OKC_LAS,7,986.0,160.0,0.2857142857142857
OKC_LAX,5,1187.0,195.0,0.0
OKC_LGA,4,1341.0,205.5,0.5
OKC_MCO,1,1069.0,160.0,0.0
OKC_MDW,7,691.0,115.0,0.14285714285714285
OKC_MIA,6,1222.0,187.5,0.16666666666666666
OKC_MSP,10,694.0,131.0,0.0
OKC_ORD,20,693.0,129.5,0.15
OKC_PHL,4,1261.0,186.5,0.25
OKC_PHX,27,833.0,150.0,0.1111111111111111
OKC_SAT,2,407.0,80.0,0.0
OKC_SEA,3,1519.0,235.0,0.0
OKC_SFB,3,1061.0,152.0,0.3333333333333333
OKC_SFO,2,1384.0,243.5,0.0
OKC_SLC,13,866.0,151.0,0.07692307692307693
OKC_STL,12,462.0,85.0,0.0
OKC_VPS,1,726.0,120.0,0.0
OMA_ATL,28,821.0,131.0,0.07142857142857142
OMA_AZA,2,1026.0,160.0,0.5
OMA_CLT,8,913.0,158.0,0.0
OMA_DAL,4,586.0,107.5,0.0
OMA_DCA,5,1012.0,147.0,0.0
OMA_DEN,40,472.0,104.5,0.1
OMA_DFW,32,583.0,120.0,0.1875
OMA_DTW,7,651.0,117.0,0.2857142857142857
OMA_EWR,4,1134.0,180.0,0.0
OMA_HOU,4,804.0,135.0,0.0
OMA_IAH,13,781.0,146.0,0.23076923076923078
OMA_LAS,16,1099.0,176.0,0.0625
OMA_LAX,3,1330.0,206.0,0.3333333333333333
OMA_LGA,5,1148.0,171.0,0.0
OMA_MCO,5,1211.0,175.0,0.0
OMA_MDW,20,423.0,85.0,0.1
OMA_MIA,1,1393.0,198.0,0.0
OMA_MSP,22,282.0,78.5,0.09090909090909091
OMA_ORD,50,416.0,101.0,0.18
OMA_PHL,3,1088.0,171.0,0.0
OMA_PHX,26,1037.0,170.0,0.15384615384615385
OMA_PIE,1,1188.0,165.0,0.0
OMA_RSW,1,1299.0,186.0,0.0
OMA_SAN,3,1313.0,215.0,0.3333333333333333
OMA_SEA,6,1368.0,215.5,0.0
OMA_SFB,1,1195.0,162.0,0.0
OMA_SFO,2,1433.0,233.5,0.0
OMA_SLC,15,840.0,158.0,0.13333333333333333
OMA_STL,10,342.0,70.0,0.3
OMA_VPS,2,911.0,137.5,0.0
OME_ANC,7,539.0,90.0,0.0
OME_OTZ,5,183.0,49.0,0.0
ONT_ATL,14,1900.0,242.5,0.07142857142857142
ONT_AUS,3,1196.0,165.0,0.3333333333333333
ONT_CLT,1,2078.0,275.0,0.0
ONT_DAL,5,1200.0,165.0,0.0
ONT_DEN,38,819.0,134.0,0.15789473684210525
ONT_DFW,31,1188.0,179.0,0.16129032258064516
ONT_HNL,5,2603.0,365.0,0.4
ONT_HOU,1,1345.0,190.0,0.0
ONT_IAH,3,1334.0,178.0,0.0
ONT_JFK,1,2429.0,309.0,0.0
ONT_LAS,34,197.0,62.5,0.11764705882352941
ONT_MCO,5,2171.0,283.0,0.4
ONT_MDW,5,1706.0,225.0,0.4
ONT_OAK,34,362.0,75.0,0.11764705882352941
ONT_PDX,8,838.0,140.0,0.0
ONT_PHX,57,325.0,75.0,0.19298245614035087
ONT_SEA,26,956.0,166.5,0.11538461538461539
ONT_SFO,27,363.0,88.0,0.2222222222222222
ONT_SJC,22,333.0,70.0,0.13636363636363635
ONT_SLC,28,558.0,107.0,0.10714285714285714
ONT_SMF,31,390.0,80.0,0.22580645161290322
ORD_ABE,9,654.0,120.0,0.3333333333333333
ORD_ABQ,11,1118.0,199.0,0.18181818181818182
ORD_ALB,19,723.0,120.0,0.0
ORD_ALO,9,234.0,71.0,0.1111111111111111
ORD_ANC,8,2846.0,406.5,0.0
ORD_ASE,9,1013.0,183.0,0.4444444444444444
ORD_ATL,96,606.0,121.0,0.19791666666666666
ORD_ATW,14,161.0,65.5,0.21428571428571427
ORD_ATY,4,507.0,121.0,0.0
ORD_AUS,50,977.0,168.0,0.16
ORD_AVL,14,536.0,113.5,0.14285714285714285
ORD_AVP,11,632.0,116.0,0.09090909090909091
ORD_AZO,5,122.0,56.0,0.2
ORD_BDL,29,783.0,131.0,0.13793103448275862
ORD_BGR,2,978.0,153.0,0.0
ORD_BHM,11,583.0,117.0,0.2727272727272727
ORD_BIL,2,1061.0,189.0,0.0
ORD_BIS,1,716.0,154.0,0.0
ORD_BMI,2,116.0,52.0,0.0
ORD_BNA,70,409.0,95.0,0.22857142857142856
ORD_BOI,21,1437.0,241.0,0.2857142857142857
ORD_BOS,84,867.0,141.0,0.25
ORD_BTV,11,763.0,130.0,0.0
ORD_BUF,27,473.0,97.0,0.3333333333333333
ORD_BWI,47,621.0,118.0,0.14893617021276595
ORD_BZN,7,1186.0,205.0,0.14285714285714285
ORD_CAK,7,343.0,86.0,0.5714285714285714
ORD_CGI,3,339.0,88.0,0.6666666666666666
ORD_CHA,5,501.0,103.0,0.0
ORD_CHO,2,566.0,115.0,0.0
ORD_CHS,17,760.0,138.0,0.23529411764705882
ORD_CID,33,196.0,69.0,0.15151515151515152
ORD_CKB,6,444.0,97.0,0.16666666666666666
ORD_CLE,47,315.0,80.0,0.1276595744680851
ORD_CLT,64,599.0,121.0,0.15625
ORD_CMH,51,296.0,80.0,0.19607843137254902
ORD_CMI,11,135.0,55.0,0.18181818181818182
ORD_CMX,11,360.0,92.0,0.36363636363636365
ORD_COD,1,1077.0,193.0,0.0
ORD_COS,12,911.0,176.5,0.0
ORD_COU,8,315.0,84.0,0.125
ORD_CRW,2,416.0,102.5,0.5
ORD_CVG,39,264.0,77.0,0.1794871794871795
ORD_CWA,7,213.0,65.0,0.0
ORD_DAL,14,798.0,152.5,0.14285714285714285
ORD_DAY,11,240.0,75.0,0.18181818181818182
ORD_DBQ,7,147.0,63.0,0.0
ORD_DCA,85,612.0,116.0,0.15294117647058825
ORD_DEC,2,156.0,61.0,0.0
ORD_DEN,91,888.0,164.0,0.15384615384615385
ORD_DFW,87,801.0,153.0,0.3103448275862069
ORD_DLH,4,397.0,97.0,0.25
ORD_DSM,32,299.0,82.5,0.15625
ORD_DTW,82,235.0,84.0,0.23170731707317074
ORD_EAR,5,583.0,125.0,0.0
ORD_EAU,12,269.0,77.5,0.25
ORD_EGE,6,1007.0,183.5,0.8333333333333334
ORD_ELP,11,1236.0,214.0,0.09090909090909091
ORD_EUG,2,1780.0,290.5,0.5
ORD_EVV,4,272.0,69.5,0.0
ORD_EWR,63,719.0,131.0,0.2857142857142857
ORD_EYW,13,1251.0,194.0,0.23076923076923078
ORD_FAI,2,2785.0,394.0,0.0
ORD_FAR,12,557.0,117.5,0.25
ORD_FAT,5,1730.0,267.0,0.0
ORD_FCA,10,1352.0,221.5,0.1
ORD_FLL,31,1182.0,185.0,0.0967741935483871
ORD_FNT,22,223.0,69.0,0.22727272727272727
ORD_FOD,1,325.0,88.0,1.0
ORD_FSD,17,463.0,110.0,0.11764705882352941
ORD_FWA,19,157.0,65.0,0.3157894736842105
ORD_GEG,3,1498.0,249.0,0.6666666666666666
ORD_GRB,25,174.0,64.0,0.12
ORD_GRR,32,137.0,61.0,0.1875
ORD_GSO,12,589.0,115.5,0.16666666666666666
ORD_GSP,20,577.0,113.5,0.1
ORD_GTF,1,1211.0,219.0,1.0
ORD_HDN,3,1009.0,184.0,0.3333333333333333
ORD_HHH,2,781.0,146.5,0.5
ORD_HNL,3,4243.0,559.0,0.0
ORD_HPN,14,738.0,129.0,0.35714285714285715
ORD_HRL,1,1219.0,200.0,0.0
ORD_HSV,9,510.0,106.0,0.1111111111111111
ORD_HYS,2,637.0,129.5,0.0
ORD_IAD,30,588.0,111.0,0.13333333333333333
ORD_IAH,72,925.0,170.0,0.125
ORD_ICT,15,588.0,125.0,0.26666666666666666
ORD_ILM,4,760.0,139.0,0.0
ORD_IND,42,177.0,66.5,0.16666666666666666
ORD_JAC,9,1162.0,192.0,0.1111111111111111
ORD_JAX,24,864.0,150.0,0.2916666666666667
ORD_JFK,34,740.0,138.0,0.29411764705882354
ORD_JLN,3,484.0,110.0,0.3333333333333333
ORD_JST,1,487.0,107.0,1.0
ORD_LAN,14,179.0,61.5,0.14285714285714285
ORD_LAS,54,1514.0,239.5,0.24074074074074073
ORD_LAX,99,1744.0,269.0,0.21212121212121213
ORD_LEX,26,323.0,83.0,0.038461538461538464
ORD_LGA,144,733.0,132.0,0.24305555555555555
ORD_LIT,18,552.0,117.5,0.2222222222222222
ORD_LNK,4,466.0,106.5,0.25
ORD_LSE,9,215.0,72.0,0.2222222222222222
ORD_LWB,6,489.0,104.5,0.16666666666666666
ORD_MBS,6,222.0,70.5,0.0
ORD_MCI,46,403.0,97.0,0.15217391304347827
ORD_MCO,70,1005.0,166.0,0.24285714285714285
ORD_MCW,2,288.5,96.5,0.0
ORD_MDT,15,594.0,113.0,0.2
ORD_MEM,32,491.0,112.0,0.25
ORD_MHK,5,501.0,113.0,0.0
ORD_MHT,6,843.0,145.0,0.16666666666666666
ORD_MIA,72,1197.0,187.0,0.2777777777777778
ORD_MKE,27,67.0,54.0,0.2222222222222222
ORD_MKG,9,119.0,62.0,0.2222222222222222
ORD_MLI,13,139.0,58.0,0.3076923076923077
ORD_MQT,9,303.0,79.0,0.0
ORD_MSN,21,109.0,61.0,0.23809523809523808
ORD_MSO,1,1332.0,216.0,0.0
ORD_MSP,83,334.0,92.0,0.14457831325301204
ORD_MSY,35,836.0,145.0,0.22857142857142856
ORD_MTJ,2,1081.0,209.0,0.0
ORD_MVY,1,894.0,146.0,1.0
ORD_MYR,2,753.0,131.5,0.5
ORD_OAK,3,1836.0,275.0,0.0
ORD_OGG,6,4184.0,557.0,0.16666666666666666
ORD_OGS,4,654.0,128.0,0.0
ORD_OKC,24,693.0,144.0,0.20833333333333334
ORD_OMA,38,416.0,100.0,0.15789473684210525
ORD_ORF,20,717.0,134.5,0.4
ORD_PBI,12,1143.0,183.0,0.16666666666666666
ORD_PDX,26,1739.0,269.5,0.15384615384615385
ORD_PHL,55,678.0,123.0,0.16363636363636364
ORD_PHX,79,1440.0,232.0,0.13924050632911392
ORD_PIA,16,130.0,60.0,0.0625
ORD_PIT,38,413.0,91.0,0.15789473684210525
ORD_PNS,9,794.0,144.0,0.2222222222222222
ORD_PSP,6,1652.0,259.5,0.16666666666666666
ORD_PVD,19,849.0,142.0,0.10526315789473684
ORD_PWM,15,900.0,144.0,0.4
ORD_RAP,9,780.0,143.0,0.2222222222222222
ORD_RDM,1,1677.0,276.0,0.0
ORD_RDU,30,646.0,122.5,0.16666666666666666
ORD_RIC,20,642.0,128.0,0.2
ORD_RNO,5,1671.0,256.0,0.0
ORD_ROA,3,530.0,111.0,0.3333333333333333
ORD_ROC,25,528.0,103.0,0.28
ORD_RST,22,268.0,75.5,0.18181818181818182
ORD_RSW,51,1120.0,175.0,0.2549019607843137
ORD_SAN,36,1723.0,260.0,0.2222222222222222
ORD_SAT,19,1041.0,181.0,0.2631578947368421
ORD_SAV,18,773.0,137.0,0.16666666666666666
ORD_SBA,1,1803.0,271.0,0.0
ORD_SBN,14,84.0,55.5,0.14285714285714285
ORD_SCE,8,528.0,104.5,0.25
ORD_SDF,29,286.0,84.0,0.2413793103448276
ORD_SEA,61,1721.0,280.0,0.16393442622950818
ORD_SFO,71,1846.0,284.0,0.18309859154929578
ORD_SGF,26,438.0,104.0,0.3076923076923077
ORD_SHD,4,541.0,109.5,0.0
ORD_SJC,8,1829.0,279.5,0.25
ORD_SJU,11,2072.0,281.0,0.2727272727272727
ORD_SLC,65,1250.0,216.0,0.13846153846153847
ORD_SLN,2,559.0,136.0,0.5
ORD_SMF,17,1781.0,277.0,0.17647058823529413
ORD_SNA,27,1726.0,270.0,0.1111111111111111
ORD_SPI,5,174.0,70.0,0.6
ORD_SRQ,7,1050.0,168.0,0.14285714285714285
ORD_STL,33,258.0,78.0,0.15151515151515152
ORD_SUX,9,436.0,106.0,0.2222222222222222
ORD_SYR,24,607.0,111.5,0.20833333333333334
ORD_TOL,8,213.0,61.0,0.0
ORD_TPA,45,1011.0,161.0,0.2222222222222222
ORD_TTN,1,692.0,125.0,0.0
ORD_TUL,16,585.0,121.5,0.3125
ORD_TUS,15,1437.0,230.0,0.3333333333333333
ORD_TVC,25,224.0,71.0,0.24
ORD_TYS,14,475.0,101.5,0.35714285714285715
ORD_UIN,4,222.0,78.0,0.25
ORD_VPS,2,796.0,140.0,0.0
ORD_XNA,27,522.0,112.0,0.18518518518518517
ORF_ATL,44,516.0,110.0,0.06818181818181818
ORF_BNA,4,585.0,117.5,0.0
ORF_BOS,2,468.0,108.0,0.5
ORF_BWI,19,159.0,60.0,0.0
ORF_CLT,29,290.0,88.0,0.1724137931034483
ORF_DCA,9,142.0,61.0,0.2222222222222222
ORF_DEN,6,1553.0,254.0,0.3333333333333333
ORF_DFW,21,1212.0,200.0,0.23809523809523808
ORF_DTW,15,529.0,115.0,0.2
ORF_EWR,12,284.0,93.0,0.16666666666666666
ORF_FLL,2,781.0,131.0,0.5
ORF_IAD,16,157.0,60.0,0.1875
ORF_JFK,27,290.0,88.0,0.1111111111111111
ORF_LGA,36,296.0,92.0,0.3055555555555556
ORF_MCO,7,655.0,125.0,0.2857142857142857
ORF_MDW,3,704.0,130.0,0.3333333333333333
ORF_MIA,12,802.0,144.5,0.0
ORF_MSP,1,1045.0,193.0,0.0
ORF_ORD,18,717.0,146.5,0.1111111111111111
ORF_PHL,17,212.0,68.0,0.29411764705882354
ORF_PIE,1,726.0,124.0,1.0
ORF_SFB,1,631.0,103.0,0.0
ORH_DTW,1,588.0,123.0,0.0
ORH_FLL,1,1211.0,194.0,1.0
ORH_JFK,2,150.0,62.5,0.5
ORH_LGA,3,146.0,73.0,0.3333333333333333
ORH_MCO,3,1091.0,184.0,0.6666666666666666
OTH_SFO,6,412.0,92.0,0.5
OTZ_ANC,8,548.0,89.0,0.125
PAE_BOI,1,419.0,84.0,0.0
PAE_DEN,4,1036.0,164.5,0.0
PAE_GEG,2,222.0,55.0,0.5
PAE_LAS,3,894.0,150.0,0.0
PAE_PHX,3,1133.0,166.0,0.6666666666666666
PAE_PSP,2,1017.0,165.0,0.0
PAE_SAN,1,1080.0,170.0,1.0
PAE_SFO,5,710.0,130.0,0.4
PAE_SNA,1,1008.0,162.0,0.0
PAH_CGI,3,45.0,48.0,0.0
PAH_ORD,12,342.0,102.0,0.16666666666666666
PBG_FLL,1,1334.0,199.0,0.0
PBG_IAD,8,444.0,105.0,0.0
PBG_SFB,1,1175.0,175.0,1.0
PBI_ACY,5,936.0,145.0,0.6
PBI_ATL,51,545.0,110.0,0.13725490196078433
PBI_AUS,1,1096.0,173.0,1.0
PBI_AVL,2,620.0,116.5,0.5
PBI_BDL,5,1133.0,172.0,0.2
PBI_BOS,19,1197.0,185.0,0.3157894736842105
PBI_BWI,20,883.0,140.0,0.0
PBI_CLT,33,590.0,118.0,0.15151515151515152
PBI_DCA,19,857.0,142.0,0.10526315789473684
PBI_DFW,16,1102.0,198.0,0.0625
PBI_DTW,4,1086.0,176.5,0.0
PBI_EWR,46,1023.0,170.5,0.15217391304347827
PBI_HPN,17,1056.0,167.0,0.35294117647058826
PBI_IAD,1,859.0,137.0,0.0
PBI_IAH,6,956.0,186.0,0.16666666666666666
PBI_IND,1,967.0,158.0,0.0
PBI_ISP,4,1052.0,162.5,0.0
PBI_JFK,25,1028.0,166.0,0.28
PBI_LAX,1,2330.0,340.0,1.0
PBI_LGA,18,1035.0,169.5,0.0
PBI_MSP,1,1451.0,228.0,0.0
PBI_ORD,12,1143.0,197.5,0.08333333333333333
PBI_PHL,22,951.0,159.0,0.18181818181818182
PBI_PIT,1,952.0,146.0,1.0
PBI_PVD,4,1148.0,171.0,0.25
PBI_RDU,1,638.0,120.0,0.0
PBI_TTN,4,985.0,160.0,0.5
PDX_ABQ,5,1111.0,165.0,0.2
PDX_ANC,6,1542.0,227.0,0.16666666666666666
PDX_ATL,19,2172.0,272.0,0.10526315789473684
PDX_AUS,9,1715.0,225.0,0.3333333333333333
PDX_BOI,15,344.0,75.0,0.13333333333333333
PDX_BOS,8,2537.0,329.5,0.0
PDX_BUR,12,817.0,130.0,0.3333333333333333
PDX_BWI,1,2358.0,305.0,0.0
PDX_BZN,1,554.0,105.0,0.0
PDX_CLT,5,2282.0,290.0,0.2
PDX_DAL,7,1626.0,220.0,0.14285714285714285
PDX_DCA,9,2350.0,300.0,0.1111111111111111
PDX_DEN,59,991.0,150.0,0.13559322033898305
PDX_DFW,23,1616.0,221.0,0.2608695652173913
PDX_DTW,3,1953.0,249.0,0.0
PDX_EWR,11,2434.0,315.0,0.18181818181818182
PDX_FAT,7,626.0,112.0,0.2857142857142857
PDX_GEG,4,279.0,68.5,0.0
PDX_GRR,1,1833.0,225.0,1.0
PDX_HNL,11,2603.0,360.0,0.18181818181818182
PDX_IAD,3,2327.0,299.0,0.0
PDX_IAH,16,1825.0,246.0,0.0625
PDX_JFK,15,2454.0,312.0,0.3333333333333333
PDX_KOA,4,2607.0,375.0,0.0
PDX_LAS,44,763.0,130.0,0.20454545454545456
PDX_LAX,63,834.0,145.0,0.19047619047619047
PDX_LIH,3,2631.0,380.0,0.0
PDX_MCI,5,1482.0,195.0,0.2
PDX_MCO,5,2534.0,325.0,0.0
PDX_MDW,6,1751.0,235.0,0.3333333333333333
PDX_MFR,6,222.0,61.0,0.0
PDX_MSO,1,418.0,89.0,0.0
PDX_MSP,23,1426.0,194.0,0.08695652173913043
PDX_OAK,29,543.0,105.0,0.20689655172413793
PDX_OGG,14,2562.0,357.5,0.07142857142857142
PDX_OMA,1,1369.0,190.0,0.0
PDX_ONT,7,838.0,136.0,0.14285714285714285
PDX_ORD,31,1739.0,237.0,0.12903225806451613
PDX_PHL,2,2406.0,302.0,0.0
PDX_PHX,51,1009.0,155.0,0.23529411764705882
PDX_PSP,9,873.0,140.0,0.0
PDX_RDM,1,116.0,40.0,0.0
PDX_RNO,7,444.0,92.0,0.14285714285714285
PDX_SAN,31,933.0,145.0,0.06451612903225806
PDX_SBA,2,784.0,127.5,0.5
PDX_SBP,1,722.0,126.0,0.0
PDX_SEA,78,129.0,59.5,0.16666666666666666
PDX_SFO,52,550.0,110.0,0.1346153846153846
PDX_SJC,35,569.0,105.0,0.17142857142857143
PDX_SLC,38,630.0,107.0,0.10526315789473684
PDX_SMF,26,479.0,90.0,0.07692307692307693
PDX_SNA,15,859.0,145.0,0.06666666666666667
PDX_STL,2,1708.0,227.5,0.0
PDX_STS,3,489.0,105.0,0.3333333333333333
PDX_TUS,3,1119.0,161.0,0.0
PGD_ABE,5,1018.0,158.0,0.2
PGD_ALB,4,1185.0,171.0,0.0
PGD_ATW,1,1250.0,184.0,1.0
PGD_AVL,4,588.0,99.5,0.25
PGD_BLV,1,921.0,140.0,0.0
PGD_BNA,1,692.0,119.0,1.0
PGD_CAK,1,965.0,156.0,0.0
PGD_CHS,1,428.0,82.0,1.0
PGD_CID,1,1170.0,172.0,0.0
PGD_CLE,1,999.0,152.0,1.0
PGD_CVG,3,850.0,134.0,0.0
PGD_DAY,2,904.0,138.5,0.5
PGD_DSM,1,1206.0,181.0,0.0
PGD_FNT,4,1111.0,170.0,0.5
PGD_FSD,1,1415.0,227.0,0.0
PGD_FWA,1,986.0,148.0,0.0
PGD_GRR,4,1118.0,171.5,0.25
PGD_IAG,1,1129.0,161.0,0.0
PGD_IND,2,916.0,146.0,0.0
PGD_LCK,1,890.0,135.0,1.0
PGD_LEX,2,781.0,126.5,0.0
PGD_MCI,3,1125.0,170.0,0.0
PGD_MDT,1,963.0,149.0,0.0
PGD_MDW,2,1076.0,162.5,0.0
PGD_MEM,1,733.0,124.0,0.0
PGD_MLI,1,1113.0,174.0,0.0
PGD_OMA,2,1269.0,202.0,0.5
PGD_PBG,1,1311.0,189.0,0.0
PGD_PIA,2,1045.0,156.0,0.5
PGD_PIT,2,941.0,143.0,0.5
PGD_PSM,1,1279.0,178.0,0.0
PGD_PVD,2,1184.0,168.0,0.5
PGD_RDU,1,645.0,111.0,0.0
PGD_RFD,3,1127.0,174.0,0.3333333333333333
PGD_SBN,2,1049.0,159.0,0.0
PGD_SGF,1,975.0,160.0,0.0
PGD_SPI,2,994.0,160.5,0.0
PGD_SWF,2,1101.0,168.5,0.0
PGD_SYR,1,1164.0,170.0,0.0
PGD_TOL,4,1016.0,154.0,0.0
PGD_TYS,2,624.0,102.0,0.0
PGD_USA,4,588.0,103.0,0.25
PHF_ATL,6,508.0,114.5,0.0
PHF_CLT,14,282.0,90.0,0.07142857142857142
PHF_PHL,1,201.0,69.0,0.0
PHL_ACK,2,289.0,90.5,0.0
PHL_ALB,1,212.0,75.0,0.0
PHL_ART,2,287.0,84.0,0.5
PHL_ATL,87,666.0,135.0,0.11494252873563218
PHL_AUS,10,1430.0,238.0,0.0
PHL_AVL,2,504.0,116.0,0.0
PHL_BDL,13,196.0,70.0,0.23076923076923078
PHL_BGR,2,473.0,105.0,0.0
PHL_BHM,15,772.0,146.0,0.13333333333333333
PHL_BNA,38,675.0,135.0,0.18421052631578946
PHL_BOS,80,280.0,85.0,0.2625
PHL_BTV,8,335.0,91.5,0.25
PHL_BUF,11,279.0,89.0,0.0
PHL_BWI,2,90.0,53.0,0.0
PHL_CAK,7,335.0,90.0,0.42857142857142855
PHL_CHA,1,641.0,139.0,1.0
PHL_CHS,10,550.0,118.0,0.1
PHL_CLE,10,363.0,100.0,0.1
PHL_CLT,48,449.0,111.0,0.20833333333333334
PHL_CMH,19,406.0,101.0,0.15789473684210525
PHL_CRW,3,356.0,89.0,0.0
PHL_CVG,21,507.0,119.0,0.047619047619047616
PHL_DAL,3,1295.0,220.0,0.0
PHL_DAY,6,477.0,109.0,0.0
PHL_DCA,20,119.0,66.0,0.2
PHL_DEN,31,1558.0,255.0,0.22580645161290322
PHL_DFW,42,1303.0,228.5,0.2619047619047619
PHL_DSM,2,972.0,185.0,0.5
PHL_DTW,48,453.0,109.0,0.14583333333333334
PHL_EWR,2,80.0,61.5,0.0
PHL_EYW,7,1121.0,194.0,0.0
PHL_FLL,38,992.0,170.5,0.21052631578947367
PHL_GRR,3,573.0,128.0,0.0
PHL_GSO,5,365.0,97.0,0.6
PHL_GSP,10,515.0,113.0,0.1
PHL_HHH,1,609.0,127.0,0.0
PHL_HOU,2,1336.0,227.5,0.0
PHL_HVN,8,157.0,70.0,0.0
PHL_IAD,3,135.0,62.0,0.0
PHL_IAH,25,1325.0,226.0,0.12
PHL_ILM,2,413.0,101.0,0.0
PHL_IND,26,588.0,123.0,0.038461538461538464
PHL_JAX,19,742.0,141.0,0.15789473684210525
PHL_LAS,23,2176.0,331.0,0.21739130434782608
PHL_LAX,36,2402.0,362.0,0.2777777777777778
PHL_LGA,10,96.0,62.0,0.2
PHL_MCI,4,1038.0,183.5,0.0
PHL_MCO,65,861.0,160.0,0.23076923076923078
PHL_MDW,19,668.0,135.0,0.15789473684210525
PHL_MEM,11,875.0,168.0,0.09090909090909091
PHL_MHT,5,289.0,87.0,0.2
PHL_MIA,40,1013.0,179.0,0.2
PHL_MKE,8,690.0,139.5,0.0
PHL_MLB,1,868.0,164.0,0.0
PHL_MSN,6,764.0,140.5,0.16666666666666666
PHL_MSP,26,980.0,182.0,0.07692307692307693
PHL_MSY,24,1089.0,188.0,0.16666666666666666
PHL_MYR,12,473.0,104.0,0.16666666666666666
PHL_OAK,1,2511.0,370.0,0.0
PHL_OKC,5,1261.0,225.0,0.6
PHL_OMA,1,1088.0,204.0,0.0
PHL_ORD,49,678.0,145.0,0.1836734693877551
PHL_ORF,12,212.0,70.5,0.0
PHL_PBI,21,951.0,165.0,0.2857142857142857
PHL_PHF,2,201.0,67.0,0.0
PHL_PHX,30,2075.0,311.5,0.16666666666666666
PHL_PIT,23,268.0,79.0,0.08695652173913043
PHL_PNS,4,935.0,160.5,0.5
PHL_PVD,11,237.0,76.0,0.09090909090909091
PHL_PWM,17,364.0,90.0,0.058823529411764705
PHL_RDU,41,337.0,92.0,0.12195121951219512
PHL_ROC,3,257.0,83.0,0.0
PHL_RSW,24,993.0,175.5,0.2916666666666667
PHL_SAN,12,2370.0,344.0,0.16666666666666666
PHL_SAT,2,1496.0,241.5,0.0
PHL_SAV,15,629.0,132.0,0.2
PHL_SDF,11,576.0,130.0,0.0
PHL_SEA,14,2378.0,365.0,0.07142857142857142
PHL_SFO,17,2521.0,375.0,0.17647058823529413
PHL_SJU,15,1576.0,238.0,0.2
PHL_SLC,6,1927.0,302.0,0.3333333333333333
PHL_SRQ,4,957.0,171.0,0.25
PHL_STL,19,814.0,155.0,0.2631578947368421
PHL_STT,1,1605.0,234.0,0.0
PHL_SYR,9,228.0,76.0,0.2222222222222222
PHL_TPA,38,920.0,164.0,0.18421052631578946
PHL_TVC,1,627.0,140.0,0.0
PHL_TYS,3,554.0,113.0,0.3333333333333333
PHL_VPS,1,908.0,167.0,1.0
PHX_ABQ,28,328.0,73.0,0.03571428571428571
PHX_AMA,1,602.0,104.0,0.0
PHX_ANC,3,2552.0,355.0,0.0
PHX_ASE,1,491.0,101.0,0.0
PHX_ATL,36,1587.0,211.0,0.1111111111111111
PHX_AUS,42,872.0,134.5,0.16666666666666666
PHX_BFL,15,425.0,91.0,0.26666666666666666
PHX_BIL,3,873.0,163.0,0.0
PHX_BNA,33,1449.0,190.0,0.3333333333333333
PHX_BOI,28,735.0,129.0,0.2857142857142857
PHX_BOS,10,2300.0,289.0,0.2
PHX_BUF,2,1912.0,237.5,0.0
PHX_BUR,32,369.0,90.0,0.40625
PHX_BWI,18,1999.0,255.0,0.16666666666666666
PHX_CID,4,1252.0,182.5,0.0
PHX_CLE,7,1737.0,234.0,0.14285714285714285
PHX_CLT,38,1773.0,243.0,0.10526315789473684
PHX_CMH,18,1670.0,220.0,0.05555555555555555
PHX_COS,10,551.0,100.0,0.0
PHX_CVG,4,1569.0,223.0,0.25
PHX_DAL,27,879.0,140.0,0.1111111111111111
PHX_DCA,12,1979.0,260.0,0.16666666666666666
PHX_DEN,105,602.0,108.0,0.2
PHX_DFW,81,868.0,143.0,0.1728395061728395
PHX_DRO,14,351.0,81.5,0.0
PHX_DSM,13,1149.0,166.0,0.3076923076923077
PHX_DTW,27,1671.0,222.0,0.14814814814814814
PHX_ELP,45,347.0,74.0,0.26666666666666666
PHX_EUG,6,952.0,166.5,0.16666666666666666
PHX_EWR,36,2133.0,275.5,0.2777777777777778
PHX_FAR,1,1225.0,184.0,1.0
PHX_FAT,16,493.0,101.0,0.25
PHX_FLG,18,119.0,53.0,0.1111111111111111
PHX_FLL,12,1972.0,249.5,0.25
PHX_FSD,6,1081.0,159.0,0.16666666666666666
PHX_GEG,12,1020.0,161.0,0.08333333333333333
PHX_GJT,9,438.0,91.0,0.0
PHX_GRR,2,1574.0,210.5,0.0
PHX_HNL,15,2917.0,400.0,0.26666666666666666
PHX_HOU,20,1020.0,150.0,0.25
PHX_IAD,9,1956.0,248.0,0.1111111111111111
PHX_IAH,45,1009.0,154.0,0.2
PHX_ICT,2,870.0,130.0,0.0
PHX_IDA,3,695.0,126.0,0.0
PHX_IND,26,1488.0,200.0,0.34615384615384615
PHX_JAC,3,705.0,126.0,0.3333333333333333
PHX_JFK,32,2153.0,291.0,0.125
PHX_KOA,6,2860.0,389.0,0.5
PHX_LAS,98,255.0,70.0,0.15306122448979592
PHX_LAX,83,370.0,90.0,0.10843373493975904
PHX_LBB,3,588.0,110.0,0.0
PHX_LGB,27,355.0,80.0,0.2222222222222222
PHX_LIH,3,2979.0,409.0,0.0
PHX_LIT,2,1136.0,152.5,0.5
PHX_MAF,5,581.0,103.0,0.2
PHX_MCI,40,1044.0,151.0,0.275
PHX_MCO,24,1849.0,250.5,0.25
PHX_MDW,39,1444.0,195.0,0.1282051282051282
PHX_MEM,9,1264.0,181.0,0.0
PHX_MFR,8,854.0,147.5,0.125
PHX_MIA,14,1972.0,258.5,0.21428571428571427
PHX_MKE,13,1460.0,200.0,0.23076923076923078
PHX_MRY,15,598.0,116.0,0.0
PHX_MSN,3,1396.0,199.0,0.0
PHX_MSP,49,1276.0,183.0,0.10204081632653061
PHX_MSY,8,1300.0,187.5,0.25
PHX_MTJ,2,419.0,95.5,0.5
PHX_OAK,48,646.0,120.0,0.1875
PHX_OGG,14,2845.0,387.0,0.07142857142857142
PHX_OKC,20,833.0,130.0,0.2
PHX_OMA,25,1037.0,154.0,0.28
PHX_ONT,48,325.0,74.5,0.22916666666666666
PHX_ORD,75,1440.0,210.0,0.09333333333333334
PHX_PAE,10,1133.0,189.0,0.3
PHX_PDX,49,1009.0,168.0,0.24489795918367346
PHX_PHL,35,2075.0,271.0,0.14285714285714285
PHX_PIT,7,1814.0,232.0,0.14285714285714285
PHX_PSP,23,261.0,70.0,0.17391304347826086
PHX_PVU,1,468.0,91.0,1.0
PHX_RAP,2,876.0,140.5,0.5
PHX_RDM,11,893.0,158.0,0.0
PHX_RDU,6,1891.0,245.0,0.0
PHX_RNO,29,601.0,110.0,0.10344827586206896
PHX_ROW,8,433.0,92.5,0.0
PHX_SAF,8,370.0,81.5,0.0
PHX_SAN,66,304.0,72.5,0.21212121212121213
PHX_SAT,33,843.0,126.0,0.18181818181818182
PHX_SBA,16,455.0,97.5,0.0625
PHX_SBP,11,509.0,99.0,0.18181818181818182
PHX_SDF,1,1506.0,210.0,0.0
PHX_SEA,88,1107.0,187.0,0.17045454545454544
PHX_SFO,53,651.0,125.0,0.20754716981132076
PHX_SGU,12,262.0,74.0,0.16666666666666666
PHX_SJC,60,621.0,115.0,0.11666666666666667
PHX_SLC,68,507.0,99.0,0.16176470588235295
PHX_SMF,55,647.0,121.0,0.16363636363636364
PHX_SNA,55,338.0,80.0,0.12727272727272726
PHX_STL,22,1262.0,173.5,0.13636363636363635
PHX_STS,4,699.0,131.0,0.25
PHX_TPA,10,1788.0,232.5,0.4
PHX_TUL,6,935.0,138.0,0.16666666666666666
PHX_TUS,27,110.0,50.0,0.18518518518518517
PHX_TYS,1,1599.0,218.0,0.0
PHX_XNA,1,1023.0,164.0,0.0
PHX_YUM,23,160.0,59.0,0.08695652173913043
PIA_ATL,6,565.0,115.0,0.3333333333333333
PIA_AZA,1,1312.0,217.0,0.0
PIA_BNA,2,353.0,71.5,0.0
PIA_CLT,11,607.0,122.0,0.2727272727272727
PIA_DEN,3,793.0,133.0,0.0
PIA_DFW,12,672.0,133.0,0.4166666666666667
PIA_LAS,3,1413.0,216.0,0.3333333333333333
PIA_MSP,3,342.0,96.0,0.0
PIA_ORD,14,130.0,64.0,0.21428571428571427
PIA_PGD,2,1045.0,151.0,0.0
PIB_DFW,1,462.0,119.0,0.0
PIB_IAH,2,372.0,90.0,0.0
PIB_MEI,4,69.0,46.5,0.25
PIE_ABE,3,970.0,151.0,0.6666666666666666
PIE_ALB,2,1138.0,168.0,0.0
PIE_ATW,2,1173.0,171.5,0.0
PIE_AVL,10,519.0,92.5,0.3
PIE_BGR,3,1394.0,193.0,0.0
PIE_BLV,1,841.0,136.0,1.0
PIE_BNA,2,612.0,110.0,0.5
PIE_CHA,1,513.0,89.0,0.0
PIE_CID,3,1090.0,167.0,0.0
PIE_CLE,2,932.0,141.0,0.0
PIE_CVG,10,776.0,128.0,0.3
PIE_DAY,3,831.0,132.0,0.3333333333333333
PIE_DSM,1,1126.0,167.0,1.0
PIE_ELM,2,1035.0,151.0,0.0
PIE_FAR,1,1519.0,227.0,0.0
PIE_FNT,5,1040.0,157.0,0.4
PIE_FWA,2,912.0,141.0,0.0
PIE_GRR,4,1044.0,158.0,0.25
PIE_GSO,2,587.0,108.0,0.0
PIE_GSP,1,482.0,88.0,0.0
PIE_HTS,4,721.0,114.0,0.25
PIE_IAG,2,1069.0,161.5,0.0
PIE_IND,4,840.0,135.5,0.25
PIE_LCK,1,821.0,126.0,0.0
PIE_LEX,3,707.0,118.0,0.3333333333333333
PIE_MDT,1,912.0,140.0,0.0
PIE_MEM,1,653.0,124.0,0.0
PIE_OMA,1,1188.0,193.0,0.0
PIE_ORF,2,726.0,113.0,0.0
PIE_PIA,6,965.0,149.0,0.0
PIE_PIT,5,878.0,137.0,0.2
PIE_RIC,3,731.0,121.0,0.0
PIE_ROA,4,668.0,111.5,0.0
PIE_SBN,2,973.0,147.5,0.0
PIE_SDF,3,729.0,124.0,0.3333333333333333
PIE_SGF,2,895.0,137.5,0.0
PIE_SWF,2,1055.0,170.5,0.0
PIE_SYR,5,1111.0,162.0,0.4
PIE_TOL,2,945.0,142.5,0.0
PIE_TYS,1,550.0,96.0,0.0
PIE_USA,5,528.0,98.0,0.4
PIE_XNA,1,892.0,144.0,0.0
PIH_SLC,13,150.0,55.0,0.07692307692307693
PIR_DEN,5,385.0,91.0,0.2
PIT_ATL,41,526.0,105.0,0.0975609756097561
PIT_AUS,1,1210.0,185.0,0.0
PIT_BNA,14,462.0,95.0,0.07142857142857142
PIT_BOS,38,496.0,98.5,0.18421052631578946
PIT_BWI,16,210.0,65.0,0.0625
PIT_CLT,42,366.0,94.5,0.16666666666666666
PIT_DAL,7,1060.0,180.0,0.14285714285714285
PIT_DCA,29,204.0,71.0,0.13793103448275862
PIT_DEN,23,1290.0,210.0,0.08695652173913043
PIT_DFW,20,1067.0,189.0,0.1
PIT_DTW,13,201.0,68.0,0.23076923076923078
PIT_EWR,23,319.0,92.0,0.0
PIT_EYW,2,1102.0,165.5,0.0
PIT_FLL,11,994.0,165.0,0.18181818181818182
PIT_HOU,1,1131.0,200.0,0.0
PIT_IAD,15,182.0,63.0,0.0
PIT_IAH,19,1117.0,196.0,0.21052631578947367
PIT_JAX,1,694.0,117.0,0.0
PIT_JFK,14,340.0,98.5,0.14285714285714285
PIT_LAS,10,1910.0,288.5,0.2
PIT_LAX,7,2136.0,307.0,0.14285714285714285
PIT_LGA,35,335.0,90.0,0.22857142857142856
PIT_MCO,35,834.0,140.0,0.2571428571428571
PIT_MDW,23,402.0,90.0,0.08695652173913043
PIT_MIA,10,1013.0,168.5,0.0
PIT_MSP,14,726.0,138.5,0.42857142857142855
PIT_MYR,11,475.0,88.0,0.18181818181818182
PIT_ORD,43,413.0,107.0,0.13953488372093023
PIT_PBI,1,952.0,143.0,0.0
PIT_PGD,1,941.0,143.0,0.0
PIT_PHL,15,268.0,79.0,0.0
PIT_PHX,8,1814.0,278.0,0.125
PIT_PIE,4,878.0,138.0,0.25
PIT_RDU,4,328.0,81.0,0.5
PIT_RSW,12,966.0,155.0,0.25
PIT_SAV,2,579.0,99.0,0.0
PIT_SEA,3,2125.0,320.0,0.3333333333333333
PIT_SFB,2,809.0,129.5,0.0
PIT_SFO,3,2254.0,352.0,0.3333333333333333
PIT_SLC,1,1660.0,281.0,0.0
PIT_SRQ,2,912.0,155.0,0.0
PIT_STL,8,554.0,105.0,0.0
PIT_TPA,14,873.0,145.0,0.21428571428571427
PLN_APN,2,69.0,50.0,0.0
PLN_DTW,13,243.0,71.0,0.15384615384615385
PNS_ATL,32,271.0,77.0,0.0625
PNS_AUS,2,626.0,110.0,0.5
PNS_BNA,10,391.0,85.0,0.1
PNS_BOS,1,1215.0,209.0,0.0
PNS_CLT,29,488.0,107.0,0.13793103448275862
PNS_DAL,7,592.0,100.0,0.0
PNS_DCA,7,816.0,134.0,0.2857142857142857
PNS_DEN,4,1179.0,188.5,0.5
PNS_DFW,26,604.0,123.0,0.15384615384615385
PNS_EWR,1,1015.0,155.0,0.0
PNS_FLL,2,525.0,104.5,0.0
PNS_HOU,2,488.0,105.0,0.0
PNS_IAH,9,489.0,110.0,0.0
PNS_IND,1,639.0,121.0,0.0
PNS_LGA,1,1030.0,154.0,1.0
PNS_MCI,3,743.0,120.0,0.3333333333333333
PNS_MCO,5,381.0,85.0,0.2
PNS_MDW,1,781.0,135.0,0.0
PNS_MIA,20,530.0,102.0,0.1
PNS_ORD,9,794.0,159.0,0.1111111111111111
PNS_PHL,3,935.0,151.0,0.0
PNS_STL,2,598.0,103.5,0.0
PRC_DEN,7,557.0,110.0,0.0
PRC_LAX,6,346.0,88.0,0.5
PSC_AZA,3,977.0,147.0,0.0
PSC_DEN,11,852.0,144.0,0.09090909090909091
PSC_LAS,1,732.0,124.0,1.0
PSC_LAX,2,851.0,161.0,0.5
PSC_MSP,5,1254.0,187.0,0.0
PSC_SEA,29,172.0,65.0,0.06896551724137931
PSC_SFO,5,620.0,124.0,0.0
PSC_SLC,17,521.0,97.0,0.0
PSE_JFK,2,1617.0,241.0,0.0
PSE_MCO,6,1179.0,185.5,0.16666666666666666
PSG_JNU,7,123.0,39.0,0.14285714285714285
PSG_WRG,6,31.0,24.0,0.0
PSM_PGD,3,1279.0,200.0,0.3333333333333333
PSM_SFB,4,1144.0,193.5,0.0
PSP_AUS,2,1132.0,164.5,0.0
PSP_BLI,5,1078.0,172.0,0.0
PSP_BNA,1,1693.0,240.0,0.0
PSP_BOI,1,672.0,130.0,0.0
PSP_DAL,1,1137.0,165.0,0.0
PSP_DEN,23,776.0,128.0,0.17391304347826086
PSP_DFW,11,1126.0,169.0,0.0
PSP_EUG,1,796.0,132.0,0.0
PSP_EWR,1,2358.0,297.0,0.0
PSP_IAH,5,1269.0,181.0,0.2
PSP_JFK,3,2378.0,298.0,0.3333333333333333
PSP_LAS,1,173.0,65.0,0.0
PSP_LAX,1,110.0,69.0,0.0
PSP_MSP,3,1454.0,196.0,0.3333333333333333
PSP_OAK,7,418.0,85.0,0.42857142857142855
PSP_ORD,7,1652.0,233.0,0.2857142857142857
PSP_PDX,13,873.0,146.0,0.15384615384615385
PSP_PHX,33,261.0,70.0,0.09090909090909091
PSP_SEA,24,987.0,170.0,0.25
PSP_SFO,45,421.0,100.0,0.13333333333333333
PSP_SJC,2,390.0,88.5,0.5
PSP_SLC,22,541.0,107.0,0.045454545454545456
PSP_SMF,2,439.0,87.5,0.0
PUB_DEN,7,109.0,64.0,0.0
PUB_LBL,1,212.0,61.0,0.0
PUW_BOI,3,224.0,60.0,0.0
PUW_SEA,5,250.0,73.0,0.2
PVD_ATL,14,903.0,167.5,0.14285714285714285
PVD_BWI,18,327.0,85.0,0.1111111111111111
PVD_CLT,26,683.0,143.5,0.15384615384615385
PVD_DCA,31,356.0,96.0,0.06451612903225806
PVD_DTW,11,615.0,127.0,0.18181818181818182
PVD_EWR,1,160.0,81.0,1.0
PVD_FLL,4,1188.0,197.0,0.5
PVD_IAD,3,371.0,95.0,0.3333333333333333
PVD_LGA,9,143.0,72.0,0.1111111111111111
PVD_MCO,24,1072.0,177.5,0.16666666666666666
PVD_MDW,13,842.0,155.0,0.15384615384615385
PVD_ORD,21,849.0,166.0,0.0
PVD_PBI,3,1148.0,182.0,0.3333333333333333
PVD_PGD,3,1184.0,189.0,0.0
PVD_PHL,15,237.0,81.0,0.06666666666666667
PVD_RSW,1,1200.0,195.0,0.0
PVD_TPA,6,1136.0,192.5,0.0
PVU_AZA,8,477.0,90.5,0.125
PVU_BNA,1,1388.0,200.0,0.0
PVU_LAS,2,341.0,78.0,0.5
PVU_SNA,3,565.0,104.0,0.6666666666666666
PWM_ATL,6,1027.0,177.5,0.16666666666666666
PWM_BWI,13,452.0,100.0,0.15384615384615385
PWM_CLT,10,813.0,156.5,0.0
PWM_DCA,17,482.0,112.0,0.17647058823529413
PWM_DEN,1,1782.0,277.0,0.0
PWM_DTW,12,668.0,126.5,0.16666666666666666
PWM_EWR,10,284.0,98.0,0.3
PWM_IAD,7,493.0,105.0,0.14285714285714285
PWM_JFK,9,273.0,86.0,0.1111111111111111
PWM_LGA,23,269.0,89.0,0.21739130434782608
PWM_MCO,3,1214.0,214.0,0.0
PWM_MDW,4,895.0,152.5,0.0
PWM_ORD,7,900.0,174.0,0.14285714285714285
PWM_PHL,14,364.0,100.0,0.07142857142857142
PWM_TPA,1,1277.0,215.0,0.0
RAP_AZA,3,873.0,140.0,0.0
RAP_CLT,5,1322.0,196.0,0.4
RAP_DEN,17,300.0,85.0,0.4117647058823529
RAP_DFW,9,835.0,141.0,0.0
RAP_LAS,3,843.0,138.0,0.3333333333333333
RAP_MSP,13,489.0,102.0,0.0
RAP_ORD,5,780.0,136.0,0.4
RAP_PHX,2,876.0,153.5,0.0
RAP_SLC,3,508.0,116.0,0.0
RDD_LAX,4,501.0,107.0,0.5
RDD_SEA,4,479.0,107.0,0.25
RDD_SFO,15,199.0,68.0,0.2
RDM_AZA,2,911.0,141.5,0.5
RDM_DEN,6,898.0,143.0,0.16666666666666666
RDM_LAX,7,726.0,134.0,0.14285714285714285
RDM_PDX,3,116.0,43.0,0.3333333333333333
RDM_PHX,6,893.0,152.5,0.0
RDM_SAN,2,823.0,132.0,0.5
RDM_SEA,26,228.0,74.5,0.07692307692307693
RDM_SFO,22,462.0,102.0,0.2727272727272727
RDM_SLC,11,525.0,100.0,0.0
RDU_ALB,1,544.0,122.0,0.0
RDU_ATL,49,356.0,91.0,0.08163265306122448
RDU_AUS,12,1162.0,195.0,0.25
RDU_BDL,1,532.0,107.0,0.0
RDU_BNA,25,442.0,100.0,0.12
RDU_BOS,43,612.0,118.0,0.27906976744186046
RDU_BUF,1,487.0,100.0,0.0
RDU_BWI,32,255.0,66.0,0.25
RDU_CLE,1,416.0,102.0,0.0
RDU_CLT,48,130.0,70.0,0.1875
RDU_CMH,1,362.0,92.0,0.0
RDU_CVG,6,390.0,98.0,0.16666666666666666
RDU_DAL,8,1052.0,177.5,0.125
RDU_DCA,29,227.0,75.0,0.1724137931034483
RDU_DEN,23,1436.0,235.0,0.08695652173913043
RDU_DFW,21,1061.0,186.0,0.23809523809523808
RDU_DTW,27,501.0,111.0,0.1111111111111111
RDU_EWR,40,416.0,103.0,0.15
RDU_FLL,11,680.0,126.0,0.09090909090909091
RDU_HOU,5,1050.0,185.0,0.2
RDU_IAD,16,224.0,69.0,0.25
RDU_IAH,16,1042.0,181.0,0.1875
RDU_IND,1,489.0,111.0,0.0
RDU_JAX,1,407.0,111.0,0.0
RDU_JFK,48,427.0,106.0,0.20833333333333334
RDU_LAS,8,2026.0,307.5,0.0
RDU_LAX,10,2239.0,327.5,0.1
RDU_LGA,41,431.0,104.0,0.17073170731707318
RDU_MCI,1,904.0,155.0,0.0
RDU_MCO,49,534.0,110.0,0.10204081632653061
RDU_MDW,11,632.0,125.0,0.09090909090909091
RDU_MIA,28,700.0,134.0,0.14285714285714285
RDU_MSP,10,980.0,169.0,0.0
RDU_MSY,2,779.0,139.5,0.5
RDU_ORD,44,646.0,144.5,0.22727272727272727
RDU_PBI,1,638.0,126.0,1.0
RDU_PHL,25,337.0,92.0,0.32
RDU_PHX,6,1891.0,295.0,0.16666666666666666
RDU_PIT,9,328.0,84.0,0.0
RDU_PWM,1,700.0,114.0,0.0
RDU_RSW,1,667.0,124.0,1.0
RDU_SAN,1,2193.0,325.0,0.0
RDU_SEA,14,2354.0,365.5,0.21428571428571427
RDU_SFB,1,510.0,97.0,1.0
RDU_SFO,7,2400.0,343.0,0.2857142857142857
RDU_SJU,5,1433.0,219.0,0.2
RDU_SLC,1,1823.0,310.0,0.0
RDU_STL,4,667.0,130.0,0.0
RDU_SYR,1,519.0,99.0,0.0
RDU_TPA,18,587.0,110.0,0.1111111111111111
RFD_AZA,1,1373.0,208.0,1.0
RFD_LAS,3,1455.0,214.0,0.0
RFD_PGD,4,1127.0,165.0,0.25
RFD_PIE,3,1049.0,153.0,0.0
RFD_SFB,2,1025.0,150.5,0.5
RHI_MSP,15,190.0,72.0,0.2
RIC_ATL,49,481.0,107.0,0.12244897959183673
RIC_BNA,1,527.0,108.0,1.0
RIC_BOS,26,474.0,97.0,0.19230769230769232
RIC_CLT,43,257.0,86.0,0.18604651162790697
RIC_DEN,10,1482.0,243.0,0.5
RIC_DFW,15,1158.0,193.0,0.13333333333333333
RIC_DTW,5,456.0,113.0,0.0
RIC_EWR,7,277.0,89.0,0.2857142857142857
RIC_FLL,5,805.0,144.0,0.0
RIC_IAD,2,100.0,54.0,0.0
RIC_IAH,5,1157.0,194.0,0.0
RIC_JFK,11,288.0,89.0,0.2727272727272727
RIC_LAS,1,2086.0,298.0,0.0
RIC_LAX,1,2305.0,360.0,1.0
RIC_LGA,33,292.0,87.0,0.18181818181818182
RIC_MCO,13,667.0,127.0,0.46153846153846156
RIC_MDW,7,629.0,125.0,0.14285714285714285
RIC_MIA,14,825.0,151.0,0.21428571428571427
RIC_MSP,4,970.0,180.0,0.0
RIC_ORD,24,642.0,136.0,0.20833333333333334
RIC_PHL,1,198.0,67.0,1.0
RIC_PIE,2,731.0,129.0,1.0
RIC_SFB,1,643.0,114.0,0.0
RIC_SRQ,2,760.0,130.5,0.0
RIC_TPA,2,723.0,130.5,0.0
RIW_DEN,6,296.0,75.0,0.0
RKS_DEN,4,260.0,71.5,0.0
RKS_RIW,1,106.0,42.0,0.0
RNO_BUR,1,374.0,85.0,0.0
RNO_DAL,1,1356.0,190.0,1.0
RNO_DEN,29,804.0,130.0,0.2413793103448276
RNO_DFW,23,1345.0,193.0,0.043478260869565216
RNO_IAH,3,1530.0,220.0,1.0
RNO_LAS,49,345.0,80.0,0.1836734693877551
RNO_LAX,40,391.0,97.0,0.1
RNO_LGB,10,402.0,87.5,0.1
RNO_MDW,1,1680.0,225.0,0.0
RNO_OAK,6,181.0,65.0,0.0
RNO_ORD,7,1671.0,234.0,0.14285714285714285
RNO_PDX,7,444.0,99.0,0.2857142857142857
RNO_PHX,28,601.0,110.0,0.21428571428571427
RNO_SAN,6,488.0,90.0,0.0
RNO_SEA,12,564.0,119.5,0.25
RNO_SFO,20,192.0,80.0,0.05
RNO_SJC,10,188.0,65.0,0.2
RNO_SLC,21,422.0,89.0,0.14285714285714285
ROA_ATL,14,357.0,90.0,0.07142857142857142
ROA_CLT,1,155.0,75.0,0.0
ROA_LGA,5,405.0,105.0,0.0
ROA_ORD,5,531.0,123.0,0.2
ROA_PIE,3,668.0,121.0,0.0
ROA_SFB,1,594.0,108.0,0.0
ROC_ATL,11,749.0,133.0,0.0
ROC_BOS,4,343.0,76.0,0.0
ROC_BWI,18,277.0,70.0,0.16666666666666666
ROC_CLT,22,573.0,121.5,0.18181818181818182
ROC_DCA,8,296.0,80.5,0.125
ROC_DTW,14,296.0,85.5,0.14285714285714285
ROC_EWR,7,246.0,84.0,0.42857142857142855
ROC_IAD,5,288.0,81.0,0.0
ROC_JFK,24,264.0,85.0,0.25
ROC_LGA,20,254.0,83.0,0.2
ROC_MCO,4,1033.0,172.5,0.5
ROC_MDW,4,523.0,110.0,0.0
ROC_MIA,2,1203.0,194.5,0.0
ROC_MSP,1,783.0,163.0,0.0
ROC_ORD,32,528.0,122.0,0.21875
ROC_PGD,1,1143.0,178.0,1.0
ROC_PHL,1,257.0,90.0,0.0
ROC_TPA,3,1079.0,175.0,0.3333333333333333
ROW_DFW,11,435.0,96.0,0.09090909090909091
ROW_PHX,4,433.0,101.5,0.0
RST_DEN,2,686.0,141.5,0.0
RST_MSP,15,76.0,55.0,0.26666666666666666
RST_ORD,17,268.0,81.0,0.17647058823529413
RSW_ACY,7,982.0,149.0,0.0
RSW_ATL,51,515.0,105.0,0.09803921568627451
RSW_AUS,1,1001.0,181.0,1.0
RSW_BDL,3,1180.0,173.0,0.3333333333333333
RSW_BNA,4,722.0,125.0,0.0
RSW_BOS,16,1249.0,187.5,0.375
RSW_BUF,2,1144.0,175.0,0.0
RSW_BWI,20,919.0,142.5,0.05
RSW_CAK,1,991.0,154.0,1.0
RSW_CLE,13,1025.0,164.0,0.23076923076923078
RSW_CLT,23,600.0,119.0,0.13043478260869565
RSW_CMH,7,930.0,145.0,0.14285714285714285
RSW_CVG,10,879.0,145.0,0.0
RSW_DAL,3,1005.0,175.0,0.6666666666666666
RSW_DCA,16,892.0,144.5,0.25
RSW_DEN,16,1607.0,256.5,0.1875
RSW_DFW,12,1017.0,182.5,0.0
RSW_DTW,29,1084.0,174.0,0.06896551724137931
RSW_EWR,32,1068.0,173.0,0.3125
RSW_GRR,3,1147.0,183.0,0.6666666666666666
RSW_HOU,1,853.0,155.0,0.0
RSW_HPN,7,1102.0,173.0,0.14285714285714285
RSW_IAD,4,891.0,137.0,0.25
RSW_IAH,11,861.0,158.0,0.0
RSW_IND,21,945.0,150.0,0.23809523809523808
RSW_ISP,2,1101.0,162.5,0.5
RSW_JFK,7,1074.0,170.0,0.14285714285714285
RSW_LAX,3,2238.0,332.0,0.0
RSW_LBE,1,956.0,145.0,0.0
RSW_LGA,14,1080.0,173.5,0.21428571428571427
RSW_MCI,4,1155.0,192.5,0.25
RSW_MCO,8,133.0,57.5,0.125
RSW_MDW,27,1105.0,175.0,0.3333333333333333
RSW_MHT,2,1271.0,186.5,0.5
RSW_MKE,5,1183.0,187.0,0.4
RSW_MSP,24,1416.0,216.0,0.125
RSW_ORD,47,1120.0,191.0,0.1702127659574468
RSW_PHL,26,993.0,164.0,0.038461538461538464
RSW_PIT,4,966.0,147.5,0.0
RSW_PVD,4,1200.0,180.5,0.25
RSW_SDF,2,835.0,142.5,0.5
RSW_SEA,2,2623.0,380.0,1.0
RSW_STL,17,979.0,155.0,0.23529411764705882
RSW_TTN,2,1028.0,165.0,0.0
SAF_DFW,21,551.0,109.0,0.23809523809523808
SAF_PHX,6,370.0,87.5,0.16666666666666666
SAN_ABQ,4,628.0,107.5,0.5
SAN_ATL,33,1892.0,254.0,0.12121212121212122
SAN_AUS,15,1164.0,165.0,0.2
SAN_BLI,1,1142.0,164.0,0.0
SAN_BNA,10,1751.0,230.0,0.4
SAN_BOI,7,749.0,130.0,0.2857142857142857
SAN_BOS,14,2588.0,332.0,0.14285714285714285
SAN_BWI,14,2295.0,295.0,0.2857142857142857
SAN_CLT,18,2077.0,286.5,0.16666666666666666
SAN_DAL,25,1182.0,175.0,0.24
SAN_DEN,59,853.0,142.0,0.13559322033898305
SAN_DFW,50,1171.0,181.5,0.2
SAN_DSM,1,1428.0,203.0,1.0
SAN_DTW,15,1956.0,259.0,0.13333333333333333
SAN_ELP,1,636.0,95.0,0.0
SAN_EWR,21,2425.0,315.0,0.2857142857142857
SAN_FAT,15,314.0,76.0,0.06666666666666667
SAN_FLL,3,2269.0,293.0,0.3333333333333333
SAN_GEG,2,1027.0,157.5,0.0
SAN_HNL,15,2614.0,370.0,0.4666666666666667
SAN_HOU,12,1313.0,185.0,0.16666666666666666
SAN_IAD,15,2253.0,293.0,0.06666666666666667
SAN_IAH,23,1303.0,189.0,0.30434782608695654
SAN_IDA,1,794.0,128.0,0.0
SAN_JAC,1,828.0,148.0,0.0
SAN_JFK,31,2446.0,323.0,0.0967741935483871
SAN_KOA,7,2556.0,359.0,0.14285714285714285
SAN_LAS,74,258.0,79.0,0.2972972972972973
SAN_LAX,15,109.0,58.0,0.13333333333333333
SAN_MCI,8,1334.0,185.0,0.125
SAN_MCO,6,2149.0,282.5,0.3333333333333333
SAN_MDW,22,1728.0,230.0,0.36363636363636365
SAN_MFR,1,734.0,115.0,1.0
SAN_MIA,2,2267.0,301.5,0.5
SAN_MRY,4,375.0,90.0,0.0
SAN_MSO,1,992.0,160.0,0.0
SAN_MSP,18,1532.0,219.5,0.1111111111111111
SAN_MSY,1,1599.0,205.0,0.0
SAN_OAK,50,446.0,90.0,0.22
SAN_OGG,13,2541.0,370.0,0.3076923076923077
SAN_OMA,4,1313.0,205.0,0.0
SAN_ORD,39,1723.0,243.0,0.10256410256410256
SAN_PAE,1,1080.0,170.0,1.0
SAN_PDX,23,933.0,155.0,0.08695652173913043
SAN_PHL,14,2370.0,306.0,0.0
SAN_PHX,79,304.0,80.0,0.11392405063291139
SAN_PVU,1,599.0,112.0,0.0
SAN_RDM,5,823.0,137.0,0.0
SAN_RDU,1,2193.0,300.0,0.0
SAN_RNO,14,488.0,92.5,0.14285714285714285
SAN_SAT,7,1129.0,165.0,0.0
SAN_SBA,1,192.0,65.0,0.0
SAN_SBP,1,263.0,69.0,0.0
SAN_SEA,80,1050.0,180.0,0.15
SAN_SFO,74,447.0,95.5,0.21621621621621623
SAN_SJC,94,417.0,85.0,0.11702127659574468
SAN_SLC,43,626.0,117.0,0.09302325581395349
SAN_SMF,79,480.0,95.0,0.16455696202531644
SAN_STL,5,1557.0,210.0,0.0
SAN_STS,8,508.0,105.0,0.25
SAN_TUS,7,368.0,80.0,0.0
SAT_ATL,38,874.0,136.0,0.10526315789473684
SAT_BNA,9,822.0,130.0,0.1111111111111111
SAT_BOS,1,1764.0,233.0,0.0
SAT_BWI,9,1407.0,195.0,0.1111111111111111
SAT_CLT,19,1095.0,171.0,0.05263157894736842
SAT_DAL,46,247.0,70.0,0.17391304347826086
SAT_DEN,32,794.0,137.5,0.21875
SAT_DFW,59,247.0,74.0,0.2542372881355932
SAT_DTW,11,1214.0,184.0,0.18181818181818182
SAT_ELP,6,496.0,90.0,0.16666666666666666
SAT_EWR,5,1569.0,225.0,0.0
SAT_FLL,5,1145.0,172.0,0.0
SAT_HOU,16,192.0,60.0,0.0625
SAT_IAD,8,1362.0,191.5,0.0
SAT_IAH,54,191.0,63.5,0.16666666666666666
SAT_JFK,5,1587.0,236.0,0.6
SAT_LAS,23,1069.0,170.0,0.2608695652173913
SAT_LAX,23,1211.0,195.0,0.13043478260869565
SAT_MCI,1,706.0,115.0,0.0
SAT_MCO,10,1041.0,157.5,0.4
SAT_MDW,6,1036.0,152.5,0.3333333333333333
SAT_MIA,11,1143.0,168.0,0.0
SAT_MSP,9,1097.0,172.0,0.0
SAT_MSY,3,494.0,85.0,0.0
SAT_OAK,1,1476.0,230.0,0.0
SAT_OKC,2,407.0,82.5,0.0
SAT_ORD,16,1041.0,171.0,0.125
SAT_PHL,1,1496.0,221.0,0.0
SAT_PHX,37,843.0,150.0,0.1891891891891892
SAT_SAN,5,1129.0,180.0,0.2
SAT_SEA,7,1774.0,260.0,0.42857142857142855
SAT_SFO,4,1482.0,241.0,0.0
SAT_SLC,17,1087.0,177.0,0.11764705882352941
SAT_STL,11,786.0,125.0,0.0
SAT_TPA,1,972.0,130.0,0.0
SAV_ATL,42,214.0,71.5,0.16666666666666666
SAV_BNA,1,417.0,80.0,1.0
SAV_BOS,8,901.0,144.0,0.5
SAV_BWI,5,549.0,105.0,0.2
SAV_CAK,1,606.0,112.0,1.0
SAV_CLE,1,641.0,107.0,0.0
SAV_CLT,38,213.0,80.0,0.13157894736842105
SAV_CVG,2,515.0,100.0,0.5
SAV_DAL,1,914.0,185.0,0.0
SAV_DCA,6,519.0,106.0,0.16666666666666666
SAV_DEN,4,1414.0,231.5,0.25
SAV_DFW,8,925.0,175.0,0.125
SAV_DTW,2,705.0,131.5,0.0
SAV_EWR,19,708.0,129.0,0.2631578947368421
SAV_GRR,1,778.0,125.0,1.0
SAV_HOU,4,853.0,142.5,0.0
SAV_IAD,8,515.0,104.0,0.125
SAV_IAH,8,851.0,166.5,0.125
SAV_IND,4,596.0,106.5,0.5
SAV_JFK,16,718.0,126.0,0.4375
SAV_LCK,1,539.0,99.0,0.0
SAV_LGA,18,722.0,128.0,0.1111111111111111
SAV_MDW,4,758.0,135.0,0.5
SAV_MIA,10,440.0,95.0,0.1
SAV_ORD,13,773.0,155.0,0.07692307692307693
SAV_PHL,17,629.0,118.0,0.058823529411764705
SAV_PIT,4,579.0,99.5,0.25
SAV_SDF,1,489.0,96.0,0.0
SAV_SWF,3,756.0,129.0,0.0
SBA_DEN,20,916.0,148.5,0.0
SBA_DFW,12,1316.0,195.5,0.3333333333333333
SBA_LAS,2,289.0,75.0,0.0
SBA_LAX,5,89.0,61.0,0.0
SBA_OAK,4,263.0,67.5,0.25
SBA_ORD,1,1803.0,248.0,0.0
SBA_PDX,5,784.0,131.0,0.2
SBA_PHX,24,455.0,93.0,0.2916666666666667
SBA_SAN,1,192.0,62.0,0.0
SBA_SEA,4,908.0,154.0,0.25
SBA_SFO,18,262.0,78.5,0.3333333333333333
SBA_SLC,5,615.0,124.0,0.2
SBA_SMF,1,310.0,75.0,0.0
SBN_ATL,22,566.0,118.5,0.09090909090909091
SBN_AZA,1,1501.0,235.0,0.0
SBN_CLT,19,534.0,113.0,0.05263157894736842
SBN_DFW,15,846.0,156.0,0.13333333333333333
SBN_DTW,14,157.0,66.0,0.0
SBN_MSP,6,411.0,108.0,0.3333333333333333
SBN_ORD,20,84.0,64.0,0.05
SBN_PGD,8,1049.0,155.0,0.5
SBN_PIE,3,973.0,146.0,0.0
SBN_SFB,4,936.0,139.5,0.25
SBN_SRQ,4,1009.0,152.5,0.25
SBP_DEN,10,931.0,159.0,0.0
SBP_DFW,6,1360.0,201.0,0.16666666666666666
SBP_LAX,7,156.0,72.0,0.14285714285714285
SBP_PDX,2,722.0,126.5,0.0
SBP_PHX,17,509.0,97.0,0.058823529411764705
SBP_SAN,2,263.0,67.0,0.0
SBP_SEA,8,847.0,147.5,0.125
SBP_SFO,17,190.0,68.0,0.0
SCC_ANC,4,626.0,100.0,0.25
SCC_BRW,2,204.0,45.0,0.0
SCE_DTW,4,301.0,85.0,0.25
SCE_ORD,10,528.0,124.5,0.2
SCE_PIE,1,933.0,145.0,0.0
SCK_AZA,1,625.0,104.0,1.0
SCK_LAS,14,359.0,72.0,0.35714285714285715
SCK_LAX,1,315.0,96.0,1.0
SDF_ATL,38,321.0,85.5,0.02631578947368421
SDF_BOS,2,829.0,146.5,0.5
SDF_BWI,14,495.0,95.0,0.2857142857142857
SDF_CLT,30,335.0,96.5,0.13333333333333333
SDF_DAL,6,725.0,137.5,0.0
SDF_DCA,11,474.0,98.0,0.09090909090909091
SDF_DEN,13,1024.0,185.0,0.46153846153846156
SDF_DFW,16,733.0,142.0,0.125
SDF_DTW,12,306.0,82.5,0.08333333333333333
SDF_EWR,10,642.0,133.0,0.3
SDF_FLL,2,895.0,144.5,0.0
SDF_HOU,4,803.0,152.5,0.0
SDF_IAD,2,451.0,96.0,0.0
SDF_IAH,14,788.0,157.0,0.07142857142857142
SDF_LAS,8,1624.0,235.0,0.125
SDF_LAX,3,1843.0,281.0,0.0
SDF_LGA,18,659.0,130.5,0.2777777777777778
SDF_MCO,16,719.0,125.0,0.125
SDF_MDW,12,271.0,72.5,0.08333333333333333
SDF_MIA,10,910.0,153.5,0.2
SDF_MSP,6,604.0,128.0,0.0
SDF_ORD,26,286.0,95.0,0.23076923076923078
SDF_PHL,7,576.0,116.0,0.0
SDF_PHX,2,1506.0,242.5,0.5
SDF_PIE,2,729.0,122.0,0.0
SDF_RSW,1,835.0,135.0,0.0
SDF_SAV,1,489.0,87.0,1.0
SDF_SFB,3,698.0,114.0,0.3333333333333333
SDF_SFO,1,1990.0,300.0,0.0
SDF_SRQ,1,765.0,127.0,0.0
SDF_TPA,7,727.0,125.0,0.2857142857142857
SDF_VPS,1,532.0,95.0,0.0
SEA_ABQ,11,1180.0,174.0,0.2727272727272727
SEA_ALW,4,213.0,62.5,0.0
SEA_ANC,100,1448.0,220.0,0.11
SEA_ATL,61,2182.0,283.0,0.11475409836065574
SEA_AUS,19,1770.0,245.0,0.15789473684210525
SEA_BIL,4,664.0,121.0,0.25
SEA_BLI,8,93.0,46.5,0.25
SEA_BNA,17,1978.0,260.0,0.17647058823529413
SEA_BOI,79,399.0,88.0,0.1518987341772152
SEA_BOS,28,2496.0,314.5,0.07142857142857142
SEA_BUR,16,937.0,151.0,0.125
SEA_BWI,10,2335.0,304.5,0.0
SEA_BZN,8,543.0,99.0,0.25
SEA_CHS,5,2415.0,316.0,0.0
SEA_CLE,1,2021.0,270.0,1.0
SEA_CLT,17,2279.0,305.0,0.0
SEA_CMH,9,2016.0,270.0,0.1111111111111111
SEA_CVG,6,1965.0,257.5,0.16666666666666666
SEA_DAL,11,1670.0,230.0,0.2727272727272727
SEA_DCA,9,2329.0,301.0,0.1111111111111111
SEA_DEN,97,1024.0,160.0,0.1958762886597938
SEA_DFW,60,1660.0,235.0,0.21666666666666667
SEA_DTW,32,1927.0,255.0,0.09375
SEA_EAT,6,99.0,46.5,0.0
SEA_ELP,7,1368.0,198.0,0.2857142857142857
SEA_EUG,29,234.0,70.0,0.10344827586206896
SEA_EWR,21,2402.0,318.0,0.2857142857142857
SEA_FAI,26,1533.0,230.0,0.23076923076923078
SEA_FAT,18,748.0,132.5,0.2222222222222222
SEA_FCA,10,379.0,79.0,0.0
SEA_FLL,8,2717.0,356.0,0.0
SEA_GEG,64,224.0,65.0,0.1875
SEA_GTF,4,512.0,106.0,0.0
SEA_HLN,4,491.0,102.0,0.25
SEA_HNL,30,2677.0,374.5,0.13333333333333333
SEA_IAD,24,2306.0,299.0,0.125
SEA_IAH,23,1874.0,255.0,0.17391304347826086
SEA_ICT,1,1430.0,207.0,0.0
SEA_IDA,2,566.0,115.5,0.5
SEA_IND,6,1866.0,248.0,0.16666666666666666
SEA_JAC,1,621.0,115.0,0.0
SEA_JFK,42,2422.0,314.5,0.21428571428571427
SEA_JNU,36,909.0,155.0,0.05555555555555555
SEA_KOA,16,2688.0,378.5,0.25
SEA_KTN,10,680.0,124.5,0.3
SEA_LAS,85,867.0,150.0,0.15294117647058825
SEA_LAX,123,954.0,165.0,0.18699186991869918
SEA_LGB,2,965.0,161.0,0.0
SEA_LIH,12,2701.0,378.0,0.08333333333333333
SEA_MCI,24,1489.0,208.0,0.125
SEA_MCO,20,2554.0,334.5,0.0
SEA_MDW,9,1733.0,240.0,0.1111111111111111
SEA_MFR,30,352.0,85.0,0.13333333333333333
SEA_MIA,7,2724.0,346.0,0.2857142857142857
SEA_MKE,10,1694.0,225.0,0.1
SEA_MRY,4,750.0,141.0,0.0
SEA_MSO,8,389.0,88.5,0.0
SEA_MSP,36,1399.0,196.5,0.05555555555555555
SEA_MSY,10,2086.0,277.0,0.1
SEA_OAK,47,672.0,125.0,0.2127659574468085
SEA_OGG,28,2640.0,378.0,0.35714285714285715
SEA_OKC,5,1519.0,212.0,0.0
SEA_OMA,10,1368.0,195.0,0.0
SEA_ONT,30,956.0,157.0,0.16666666666666666
SEA_ORD,68,1721.0,243.0,0.23529411764705882
SEA_PDX,90,129.0,57.0,0.1111111111111111
SEA_PHL,20,2378.0,306.5,0.15
SEA_PHX,94,1107.0,170.5,0.11702127659574468
SEA_PIT,6,2125.0,277.0,0.0
SEA_PSC,35,172.0,58.0,0.05714285714285714
SEA_PSP,20,987.0,165.0,0.2
SEA_PUW,5,250.0,67.0,0.2
SEA_RDD,3,479.0,103.0,0.0
SEA_RDM,34,228.0,65.5,0.17647058823529413
SEA_RDU,8,2354.0,302.5,0.125
SEA_RNO,11,564.0,111.0,0.2727272727272727
SEA_SAN,60,1050.0,166.0,0.15
SEA_SAT,7,1774.0,240.0,0.2857142857142857
SEA_SBA,6,908.0,154.0,0.16666666666666666
SEA_SBP,6,847.0,146.0,0.16666666666666666
SEA_SFO,107,679.0,134.0,0.12149532710280374
SEA_SIT,3,861.0,149.0,0.0
SEA_SJC,77,696.0,130.0,0.14285714285714285
SEA_SLC,60,689.0,120.0,0.18333333333333332
SEA_SMF,73,605.0,111.0,0.2054794520547945
SEA_SNA,55,978.0,165.0,0.12727272727272726
SEA_STL,9,1709.0,230.0,0.1111111111111111
SEA_STS,13,618.0,118.0,0.15384615384615385
SEA_SUN,2,475.0,106.0,0.0
SEA_TPA,17,2520.0,324.0,0.058823529411764705
SEA_TUS,15,1216.0,180.0,0.2
SEA_YKM,3,103.0,47.0,0.0
SFB_ABE,6,882.0,143.0,0.5
SFB_ATW,2,1141.0,174.5,0.5
SFB_AVL,7,465.0,90.0,0.42857142857142855
SFB_BGR,2,1299.0,182.0,0.0
SFB_BLV,1,835.0,141.0,0.0
SFB_BNA,1,598.0,107.0,0.0
SFB_CAK,1,837.0,148.0,0.0
SFB_CHA,3,490.0,97.0,0.3333333333333333
SFB_CID,1,1078.0,177.0,0.0
SFB_CKB,1,727.0,121.0,0.0
SFB_CLE,1,872.0,143.0,0.0
SFB_CVG,7,735.0,127.0,0.14285714285714285
SFB_DAY,1,785.0,127.0,0.0
SFB_DSM,1,1124.0,183.0,0.0
SFB_ELM,1,954.0,149.0,0.0
SFB_EVV,4,734.0,124.0,0.25
SFB_EYW,1,292.0,70.0,0.0
SFB_FAR,1,1508.0,221.0,1.0
SFB_FNT,3,988.0,160.0,0.3333333333333333
SFB_FWA,4,870.0,136.0,0.25
SFB_GPT,2,485.0,94.5,0.0
SFB_GRR,1,1001.0,160.0,0.0
SFB_GSO,2,510.0,98.0,0.5
SFB_GSP,1,425.0,81.0,0.0
SFB_HGR,2,780.0,126.5,0.5
SFB_HTS,2,665.0,110.0,0.0
SFB_IAG,3,996.0,150.0,0.0
SFB_ICT,1,1117.0,166.0,0.0
SFB_IND,2,807.0,132.5,0.5
SFB_LCK,4,767.0,125.0,0.5
SFB_LEX,2,667.0,115.0,0.0
SFB_LIT,1,765.0,134.0,0.0
SFB_MCI,2,1058.0,170.0,0.0
SFB_MDT,5,827.0,135.0,0.6
SFB_MLI,1,1018.0,169.0,0.0
SFB_OMA,2,1195.0,195.5,0.5
SFB_ORF,2,631.0,103.5,0.0
SFB_OWB,1,706.0,127.0,0.0
SFB_PIA,1,949.0,153.0,0.0
SFB_PIT,1,809.0,131.0,0.0
SFB_PSM,2,1144.0,166.0,0.0
SFB_RDU,1,510.0,98.0,0.0
SFB_RFD,2,1025.0,159.0,0.5
SFB_ROA,2,594.0,105.5,1.0
SFB_ROC,1,1009.0,154.0,0.0
SFB_SBN,2,936.0,143.0,0.0
SFB_SDF,1,698.0,130.0,1.0
SFB_SGF,2,914.0,153.5,0.0
SFB_SHV,2,791.0,130.0,0.0
SFB_SWF,3,965.0,154.0,0.0
SFB_SYR,1,1029.0,154.0,0.0
SFB_TRI,1,535.0,97.0,1.0
SFB_TVC,1,1126.0,170.0,0.0
SFB_TYS,5,511.0,95.0,0.2
SFB_USA,3,457.0,93.0,0.3333333333333333
SFB_XNA,1,920.0,158.0,0.0
SFO_ABQ,5,896.0,146.0,0.2
SFO_ACV,13,250.0,81.0,0.3076923076923077
SFO_ANC,1,2018.0,287.0,0.0
SFO_ASE,2,848.0,150.5,0.0
SFO_ATL,48,2139.0,276.5,0.125
SFO_AUS,25,1504.0,213.0,0.28
SFO_BDL,1,2625.0,324.0,0.0
SFO_BFL,6,238.0,74.0,0.0
SFO_BIH,1,221.0,80.0,0.0
SFO_BNA,6,1969.0,266.0,0.16666666666666666
SFO_BOI,25,522.0,105.0,0.12
SFO_BOS,65,2704.0,340.0,0.13846153846153847
SFO_BUR,25,326.0,80.0,0.12
SFO_BWI,6,2457.0,312.0,0.3333333333333333
SFO_BZN,5,807.0,141.0,0.2
SFO_CLE,8,2161.0,285.5,0.125
SFO_CLT,25,2296.0,303.0,0.2
SFO_CMH,2,2120.0,283.5,0.0
SFO_CVG,3,2036.0,275.0,0.0
SFO_DAL,3,1476.0,211.0,0.0
SFO_DCA,5,2442.0,310.0,0.2
SFO_DEN,72,967.0,154.0,0.19444444444444445
SFO_DFW,45,1464.0,215.0,0.08888888888888889
SFO_DTW,13,2079.0,273.0,0.0
SFO_EUG,13,451.0,102.0,0.15384615384615385
SFO_EWR,66,2565.0,325.0,0.16666666666666666
SFO_FAT,15,158.0,66.0,0.13333333333333333
SFO_FCA,2,844.0,142.5,0.0
SFO_FLL,14,2584.0,327.5,0.21428571428571427
SFO_GEG,11,733.0,131.0,0.0
SFO_HNL,32,2398.0,334.5,0.125
SFO_IAD,31,2419.0,307.0,0.16129032258064516
SFO_IAH,32,1635.0,230.0,0.15625
SFO_IND,4,1943.0,258.5,0.25
SFO_JAC,2,737.0,136.0,0.0
SFO_JFK,87,2586.0,335.0,0.22988505747126436
SFO_KOA,19,2367.0,335.0,0.05263157894736842
SFO_LAS,73,414.0,96.0,0.2054794520547945
SFO_LAX,183,337.0,93.0,0.18579234972677597
SFO_LGB,5,354.0,87.0,0.4
SFO_LIH,11,2447.0,344.0,0.09090909090909091
SFO_MCI,2,1499.0,221.0,0.5
SFO_MCO,11,2446.0,323.0,0.09090909090909091
SFO_MDW,11,1855.0,250.0,0.09090909090909091
SFO_MFR,17,329.0,85.0,0.17647058823529413
SFO_MIA,16,2585.0,331.5,0.125
SFO_MRY,11,77.0,56.0,0.0
SFO_MSN,1,1772.0,251.0,0.0
SFO_MSO,2,769.0,139.0,1.0
SFO_MSP,21,1589.0,220.0,0.09523809523809523
SFO_MSY,5,1911.0,255.0,0.2
SFO_MTJ,1,791.0,139.0,1.0
SFO_OGG,28,2338.0,330.0,0.14285714285714285
SFO_OMA,7,1433.0,205.0,0.2857142857142857
SFO_ONT,21,363.0,90.0,0.19047619047619047
SFO_ORD,80,1846.0,258.0,0.2125
SFO_OTH,3,412.0,108.0,0.0
SFO_PAE,6,710.0,137.0,0.0
SFO_PDX,49,550.0,108.0,0.12244897959183673
SFO_PHL,25,2521.0,325.0,0.2
SFO_PHX,76,651.0,123.0,0.11842105263157894
SFO_PIT,6,2254.0,293.5,0.16666666666666666
SFO_PSC,6,620.0,125.5,0.16666666666666666
SFO_PSP,44,421.0,92.0,0.1590909090909091
SFO_RDD,16,199.0,66.0,0.0625
SFO_RDM,25,462.0,103.0,0.2
SFO_RDU,6,2400.0,311.0,0.3333333333333333
SFO_RNO,19,192.0,65.0,0.10526315789473684
SFO_SAN,95,447.0,95.0,0.06315789473684211
SFO_SAT,3,1482.0,229.0,0.3333333333333333
SFO_SBA,19,262.0,79.0,0.15789473684210525
SFO_SBP,10,190.0,68.0,0.1
SFO_SEA,111,679.0,135.0,0.16216216216216217
SFO_SLC,54,599.0,113.0,0.16666666666666666
SFO_SMF,17,86.0,56.0,0.17647058823529413
SFO_SNA,56,372.0,94.5,0.08928571428571429
SFO_STL,3,1735.0,239.0,0.6666666666666666
SFO_STS,3,66.0,54.0,0.6666666666666666
SFO_SUN,2,587.0,120.5,0.0
SFO_TPA,12,2393.0,302.5,0.25
SFO_TUS,19,751.0,131.0,0.05263157894736842
SGF_ATL,18,563.0,111.5,0.2777777777777778
SGF_AZA,3,1066.0,166.0,0.6666666666666666
SGF_CLT,19,708.0,131.0,0.10526315789473684
SGF_DEN,12,637.0,130.5,0.3333333333333333
SGF_DFW,42,364.0,94.0,0.16666666666666666
SGF_IAH,6,513.0,116.5,0.3333333333333333
SGF_LAS,3,1209.0,191.0,0.0
SGF_ORD,18,438.0,102.0,0.05555555555555555
SGF_PGD,1,975.0,142.0,1.0
SGF_SFB,1,914.0,135.0,0.0
SGU_DEN,7,517.0,106.0,0.14285714285714285
SGU_PHX,12,262.0,75.0,0.0
SGU_SLC,16,272.0,71.5,0.1875
SHD_IAD,4,91.0,51.0,0.0
SHD_ORD,2,541.0,121.0,0.5
SHR_DEN,6,359.0,84.5,0.16666666666666666
SHR_RIW,1,139.0,56.0,0.0
SHV_ATL,25,551.0,108.0,0.16
SHV_CLT,11,764.0,141.0,0.18181818181818182
SHV_DEN,1,792.0,155.0,0.0
SHV_DFW,28,190.0,74.0,0.2857142857142857
SHV_IAH,7,192.0,70.0,0.14285714285714285
SHV_LAS,1,1243.0,188.0,0.0
SHV_LAX,1,1425.0,205.0,0.0
SIT_JNU,5,95.0,41.0,0.4
SIT_KTN,2,183.0,53.5,0.0
SIT_SEA,2,861.0,136.5,0.0
SJC_ABQ,1,870.0,130.0,0.0
SJC_ATL,7,2116.0,277.0,0.0
SJC_AUS,24,1476.0,207.0,0.08333333333333333
SJC_BNA,2,1947.0,260.0,0.0
SJC_BOI,4,523.0,92.5,0.25
SJC_BOS,2,2689.0,336.5,0.0
SJC_BUR,42,296.0,65.0,0.23809523809523808
SJC_BWI,1,2439.0,305.0,0.0
SJC_DAL,9,1450.0,205.0,0.0
SJC_DEN,39,948.0,152.0,0.15384615384615385
SJC_DFW,19,1438.0,215.0,0.21052631578947367
SJC_DTW,3,2062.0,276.0,0.0
SJC_EUG,1,471.0,90.0,0.0
SJC_GEG,6,742.0,121.0,0.0
SJC_HNL,20,2417.0,340.0,0.1
SJC_HOU,5,1621.0,215.0,0.0
SJC_IAH,4,1608.0,230.0,0.0
SJC_JFK,4,2569.0,331.0,0.5
SJC_KOA,7,2384.0,325.0,0.14285714285714285
SJC_LAS,43,386.0,85.0,0.23255813953488372
SJC_LAX,81,308.0,83.0,0.13580246913580246
SJC_LGB,13,324.0,75.0,0.15384615384615385
SJC_LIH,3,2466.0,345.0,0.0
SJC_MDW,7,1838.0,250.0,0.2857142857142857
SJC_MSP,5,1575.0,216.0,0.4
SJC_OGG,16,2355.0,330.0,0.0
SJC_ONT,29,333.0,75.0,0.06896551724137931
SJC_ORD,3,1829.0,259.0,0.0
SJC_PDX,45,569.0,105.0,0.1111111111111111
SJC_PHX,52,621.0,110.0,0.11538461538461539
SJC_PSP,2,390.0,90.0,0.5
SJC_RNO,10,188.0,60.0,0.1
SJC_SAN,78,417.0,80.0,0.1794871794871795
SJC_SEA,69,696.0,135.0,0.14492753623188406
SJC_SLC,34,584.0,110.0,0.23529411764705882
SJC_SNA,44,342.0,80.0,0.1590909090909091
SJC_STL,5,1715.0,225.0,0.2
SJC_TUS,3,722.0,125.0,0.0
SJT_DFW,27,229.0,68.0,0.18518518518518517
SJU_ATL,28,1547.0,238.0,0.07142857142857142
SJU_AUS,1,2146.0,297.0,0.0
SJU_BDL,13,1666.0,242.0,0.46153846153846156
SJU_BOS,21,1674.0,247.0,0.38095238095238093
SJU_BWI,13,1565.0,250.0,0.0
SJU_CLT,11,1475.0,235.0,0.18181818181818182
SJU_DCA,8,1554.0,233.5,0.375
SJU_DFW,5,2165.0,327.0,0.0
SJU_EWR,22,1608.0,251.0,0.2727272727272727
SJU_FLL,38,1046.0,166.5,0.23684210526315788
SJU_IAD,1,1571.0,234.0,0.0
SJU_IAH,8,2007.0,288.5,0.25
SJU_JFK,34,1598.0,241.0,0.29411764705882354
SJU_MCO,97,1189.0,188.0,0.25773195876288657
SJU_MDW,2,2057.0,310.0,0.0
SJU_MIA,40,1045.0,170.0,0.2
SJU_MSP,2,2404.0,340.0,0.0
SJU_ORD,10,2072.0,315.5,0.0
SJU_PHL,24,1576.0,250.5,0.125
SJU_RDU,8,1433.0,214.5,0.5
SJU_SFB,1,1198.0,189.0,0.0
SJU_STL,1,2024.0,315.0,0.0
SJU_STT,1,68.0,35.0,0.0
SJU_TPA,31,1237.0,188.0,0.41935483870967744
SLC_ABQ,15,493.0,102.0,0.06666666666666667
SLC_ANC,4,2125.0,288.0,0.5
SLC_ASE,2,292.0,80.5,0.0
SLC_ATL,46,1590.0,219.5,0.10869565217391304
SLC_AUS,18,1086.0,166.5,0.1111111111111111
SLC_BIL,18,387.0,84.5,0.1111111111111111
SLC_BNA,6,1404.0,197.0,0.0
SLC_BOI,27,290.0,73.0,0.07407407407407407
SLC_BOS,18,2105.0,269.0,0.2222222222222222
SLC_BTM,10,358.0,85.5,0.0
SLC_BUR,18,574.0,124.0,0.05555555555555555
SLC_BWI,7,1865.0,251.0,0.0
SLC_BZN,21,347.0,80.0,0.23809523809523808
SLC_CDC,11,221.0,61.0,0.2727272727272727
SLC_CLT,10,1727.0,229.5,0.0
SLC_COD,3,298.0,80.0,0.0
SLC_COS,15,411.0,99.0,0.0
SLC_CPR,7,320.0,73.0,0.14285714285714285
SLC_CVG,8,1450.0,197.0,0.0
SLC_DAL,4,999.0,152.5,0.0
SLC_DCA,3,1851.0,244.0,0.0
SLC_DEN,94,391.0,92.0,0.23404255319148937
SLC_DFW,59,989.0,158.0,0.11864406779661017
SLC_DRO,2,339.0,85.5,0.0
SLC_DSM,4,955.0,156.5,0.0
SLC_DTW,13,1481.0,207.0,0.0
SLC_EKO,6,200.0,59.5,0.0
SLC_ELP,1,693.0,131.0,0.0
SLC_EUG,7,618.0,122.0,0.14285714285714285
SLC_EWR,11,1969.0,260.0,0.36363636363636365
SLC_FAT,17,501.0,111.0,0.11764705882352941
SLC_FCA,22,531.0,110.5,0.0
SLC_FLL,13,2084.0,266.0,0.15384615384615385
SLC_GEG,18,546.0,106.0,0.0
SLC_GJT,8,216.0,63.5,0.0
SLC_GTF,16,463.0,101.0,0.0625
SLC_HLN,10,402.0,94.5,0.2
SLC_HNL,4,2994.0,412.0,0.25
SLC_HOU,4,1214.0,185.0,0.5
SLC_IAD,7,1828.0,241.0,0.2857142857142857
SLC_IAH,33,1195.0,183.0,0.15151515151515152
SLC_IDA,23,188.0,67.0,0.043478260869565216
SLC_IND,4,1355.0,190.0,0.0
SLC_JAC,20,205.0,64.5,0.1
SLC_JFK,38,1990.0,269.0,0.34210526315789475
SLC_LAS,51,368.0,85.0,0.21568627450980393
SLC_LAX,53,590.0,122.0,0.16981132075471697
SLC_LGA,1,1983.0,276.0,1.0
SLC_LGB,28,588.0,119.0,0.14285714285714285
SLC_LWS,13,461.0,101.0,0.07692307692307693
SLC_MCI,9,920.0,142.0,0.1111111111111111
SLC_MCO,35,1931.0,255.0,0.14285714285714285
SLC_MDW,12,1259.0,180.0,0.16666666666666666
SLC_MEM,6,1262.0,176.0,0.16666666666666666
SLC_MFR,10,575.0,120.5,0.0
SLC_MIA,5,2088.0,274.0,0.4
SLC_MKE,5,1247.0,181.0,0.2
SLC_MSN,2,1174.0,169.0,0.0
SLC_MSO,22,436.0,102.5,0.09090909090909091
SLC_MSP,31,991.0,151.0,0.12903225806451613
SLC_MSY,5,1428.0,197.0,0.2
SLC_OAK,38,588.0,117.0,0.23684210526315788
SLC_OGG,1,2935.0,419.0,0.0
SLC_OKC,21,866.0,143.0,0.14285714285714285
SLC_OMA,14,840.0,137.0,0.0
SLC_ONT,19,558.0,112.0,0.15789473684210525
SLC_ORD,50,1250.0,192.0,0.12
SLC_PDX,41,630.0,120.0,0.0975609756097561
SLC_PHL,9,1927.0,258.0,0.1111111111111111
SLC_PHX,70,507.0,100.0,0.18571428571428572
SLC_PIH,15,150.0,59.0,0.0
SLC_PIT,4,1660.0,221.0,0.0
SLC_PSC,12,521.0,102.0,0.16666666666666666
SLC_PSP,17,541.0,110.0,0.0
SLC_RAP,3,508.0,99.0,0.0
SLC_RDM,9,525.0,108.0,0.1111111111111111
SLC_RDU,3,1823.0,241.0,0.0
SLC_RNO,20,422.0,94.5,0.1
SLC_SAN,31,626.0,115.0,0.1935483870967742
SLC_SAT,10,1087.0,163.0,0.3
SLC_SBA,2,615.0,135.5,0.0
SLC_SEA,67,689.0,134.0,0.11940298507462686
SLC_SFO,49,599.0,132.0,0.16326530612244897
SLC_SGU,22,272.0,70.0,0.045454545454545456
SLC_SJC,29,584.0,115.0,0.10344827586206896
SLC_SMF,32,532.0,105.0,0.15625
SLC_SNA,27,588.0,115.0,0.14814814814814814
SLC_STL,15,1156.0,170.0,0.13333333333333333
SLC_SUN,9,222.0,64.0,0.3333333333333333
SLC_TPA,2,1888.0,244.0,0.0
SLC_TUL,8,926.0,143.5,0.25
SLC_TUS,12,601.0,117.0,0.16666666666666666
SLC_TWF,11,175.0,59.0,0.18181818181818182
SLC_WYS,1,273.0,73.0,0.0
SLN_DEN,2,383.0,102.5,0.5
SLN_HYS,11,88.0,44.0,0.36363636363636365
SLN_ORD,7,559.0,116.0,0.14285714285714285
SMF_ATL,10,2092.0,263.0,0.1
SMF_AUS,7,1481.0,200.0,0.14285714285714285
SMF_BOI,11,437.0,80.0,0.18181818181818182
SMF_BOS,1,2636.0,327.0,0.0
SMF_BUR,44,358.0,75.0,0.11363636363636363
SMF_CLT,6,2244.0,281.0,0.16666666666666666
SMF_DAL,7,1442.0,195.0,0.42857142857142855
SMF_DEN,50,909.0,140.0,0.08
SMF_DFW,21,1431.0,199.0,0.23809523809523808
SMF_DTW,1,2013.0,257.0,0.0
SMF_EWR,3,2500.0,316.0,0.0
SMF_GEG,7,649.0,105.0,0.2857142857142857
SMF_HNL,6,2462.0,340.0,0.16666666666666666
SMF_HOU,1,1624.0,215.0,1.0
SMF_IAD,2,2358.0,291.5,0.0
SMF_IAH,5,1609.0,218.0,0.2
SMF_JFK,5,2521.0,315.0,0.4
SMF_LAS,54,397.0,85.0,0.1111111111111111
SMF_LAX,56,373.0,90.0,0.10714285714285714
SMF_LGB,24,387.0,85.0,0.16666666666666666
SMF_MCO,1,2408.0,295.0,0.0
SMF_MDW,4,1790.0,237.5,0.0
SMF_MSP,12,1517.0,201.5,0.0
SMF_OGG,9,2404.0,335.0,0.2222222222222222
SMF_ONT,34,390.0,80.0,0.14705882352941177
SMF_ORD,16,1781.0,241.5,0.0
SMF_PDX,35,479.0,90.0,0.14285714285714285
SMF_PHX,38,647.0,110.0,0.13157894736842105
SMF_PSP,7,439.0,85.0,0.42857142857142855
SMF_SAN,68,480.0,90.0,0.11764705882352941
SMF_SBA,2,310.0,75.0,0.5
SMF_SEA,62,605.0,120.0,0.1774193548387097
SMF_SFO,16,86.0,60.0,0.125
SMF_SLC,30,532.0,96.0,0.2
SMF_SNA,26,404.0,85.0,0.11538461538461539
SMF_STL,2,1679.0,215.0,0.0
SMX_LAS,4,310.0,68.0,0.25
SNA_ATL,14,1919.0,251.5,0.21428571428571427
SNA_AUS,7,1209.0,170.0,0.14285714285714285
SNA_AZA,1,360.0,86.0,0.0
SNA_BNA,2,1772.0,230.0,0.5
SNA_DAL,5,1216.0,180.0,0.2
SNA_DEN,52,846.0,138.0,0.3269230769230769
SNA_DFW,43,1205.0,182.0,0.3023255813953488
SNA_DTW,3,1960.0,267.0,0.6666666666666666
SNA_EWR,14,2434.0,312.0,0.2857142857142857
SNA_GJT,1,641.0,105.0,0.0
SNA_HNL,2,2584.0,358.5,0.5
SNA_HOU,2,1357.0,182.5,0.5
SNA_IAH,19,1346.0,192.0,0.3684210526315789
SNA_JFK,1,2454.0,329.0,0.0
SNA_LAS,51,226.0,70.0,0.23529411764705882
SNA_MDW,2,1731.0,237.5,0.0
SNA_MSP,10,1522.0,213.0,0.3
SNA_OAK,39,371.0,85.0,0.23076923076923078
SNA_ORD,26,1726.0,248.5,0.07692307692307693
SNA_PAE,1,1008.0,172.0,0.0
SNA_PDX,16,859.0,150.0,0.0625
SNA_PHX,53,338.0,80.0,0.16981132075471697
SNA_PVU,1,565.0,106.0,0.0
SNA_RNO,1,415.0,80.0,1.0
SNA_SAT,1,1177.0,173.0,0.0
SNA_SEA,57,978.0,171.0,0.12280701754385964
SNA_SFO,38,372.0,91.5,0.10526315789473684
SNA_SJC,41,342.0,80.0,0.17073170731707318
SNA_SLC,24,588.0,110.0,0.08333333333333333
SNA_SMF,34,404.0,90.0,0.20588235294117646
SNA_STL,1,1569.0,220.0,1.0
SNA_STS,4,433.0,90.5,0.25
SPI_DFW,6,630.0,127.0,0.16666666666666666
SPI_ORD,4,174.0,69.5,0.25
SPI_PGD,2,994.0,139.5,0.5
SPN_GUM,4,129.0,40.0,0.5
SPS_DFW,18,113.0,57.5,0.05555555555555555
SRQ_ATL,49,444.0,99.0,0.12244897959183673
SRQ_ATW,1,1209.0,183.0,0.0
SRQ_AUS,1,936.0,165.0,0.0
SRQ_AVL,1,554.0,100.0,0.0
SRQ_BLV,1,876.0,152.0,0.0
SRQ_BNA,8,648.0,120.0,0.0
SRQ_BOS,3,1220.0,189.0,0.0
SRQ_BWI,15,880.0,145.0,0.2
SRQ_CAK,1,934.0,149.0,0.0
SRQ_CID,1,1125.0,187.0,0.0
SRQ_CLE,1,967.0,153.0,0.0
SRQ_CLT,15,547.0,113.0,0.13333333333333333
SRQ_CMH,4,869.0,140.0,0.5
SRQ_CVG,4,812.0,132.0,0.25
SRQ_DAL,1,934.0,180.0,1.0
SRQ_DCA,9,851.0,146.0,0.1111111111111111
SRQ_DEN,2,1531.0,244.0,0.5
SRQ_DFW,7,945.0,177.0,0.14285714285714285
SRQ_DSM,2,1160.0,177.5,0.0
SRQ_DTW,3,1022.0,167.0,0.3333333333333333
SRQ_EWR,10,1034.0,172.5,0.1
SRQ_FNT,1,1075.0,166.0,0.0
SRQ_GRR,2,1080.0,166.5,0.0
SRQ_HOU,2,789.0,140.0,0.0
SRQ_IAD,3,849.0,140.0,0.3333333333333333
SRQ_IND,2,876.0,139.5,0.5
SRQ_JFK,8,1041.0,170.0,0.5
SRQ_LCK,2,856.0,137.0,0.5
SRQ_LGA,7,1047.0,167.0,0.14285714285714285
SRQ_MDT,1,942.0,147.0,0.0
SRQ_MDW,6,1035.0,172.5,0.3333333333333333
SRQ_MSP,2,1342.0,220.5,0.0
SRQ_ORD,6,1050.0,187.5,0.16666666666666666
SRQ_PHL,7,957.0,162.0,0.2857142857142857
SRQ_PIT,4,912.0,144.0,0.25
SRQ_RFD,1,1085.0,161.0,1.0
SRQ_SBN,2,1009.0,159.0,0.0
SRQ_SDF,2,765.0,133.0,0.0
SRQ_STL,1,903.0,155.0,0.0
STC_AZA,4,1259.0,192.5,0.0
STL_ATL,64,484.0,94.0,0.09375
STL_AUS,6,721.0,125.0,0.3333333333333333
STL_BDL,3,957.0,140.0,0.0
STL_BNA,15,272.0,65.0,0.26666666666666666
STL_BOS,10,1047.0,153.0,0.3
STL_BWI,16,738.0,115.0,0.5
STL_CLE,8,487.0,87.5,0.5
STL_CLT,25,575.0,116.0,0.16
STL_CMH,5,409.0,80.0,0.0
STL_DAL,25,546.0,105.0,0.12
STL_DCA,22,719.0,120.0,0.09090909090909091
STL_DEN,50,770.0,145.0,0.14
STL_DFW,29,550.0,120.0,0.13793103448275862
STL_DSM,16,259.0,65.0,0.1875
STL_DTW,25,440.0,90.0,0.24
STL_ECP,2,634.0,107.5,0.0
STL_EWR,6,872.0,152.0,0.5
STL_FLL,10,1057.0,160.0,0.1
STL_HOU,23,687.0,130.0,0.08695652173913043
STL_IAD,1,696.0,119.0,0.0
STL_IAH,18,667.0,139.0,0.16666666666666666
STL_ICT,7,392.0,85.0,0.14285714285714285
STL_JAX,4,753.0,120.0,0.0
STL_LAS,29,1371.0,210.0,0.13793103448275862
STL_LAX,21,1592.0,245.0,0.14285714285714285
STL_LGA,53,888.0,145.0,0.1509433962264151
STL_LGB,3,1581.0,250.0,0.3333333333333333
STL_LIT,7,296.0,70.0,0.14285714285714285
STL_MCI,13,237.0,65.0,0.15384615384615385
STL_MCO,32,882.0,140.0,0.09375
STL_MDW,28,251.0,65.0,0.2857142857142857
STL_MIA,11,1068.0,163.0,0.2727272727272727
STL_MKE,11,317.0,70.0,0.09090909090909091
STL_MSP,21,448.0,95.0,0.2857142857142857
STL_MSY,8,604.0,100.0,0.25
STL_OAK,2,1725.0,250.0,0.0
STL_OKC,8,462.0,90.0,0.375
STL_OMA,16,342.0,75.0,0.0625
STL_ORD,33,258.0,83.0,0.21212121212121213
STL_PBI,1,1023.0,155.0,0.0
STL_PDX,1,1708.0,240.0,0.0
STL_PHL,25,814.0,134.0,0.16
STL_PHX,25,1262.0,205.0,0.24
STL_PIT,6,554.0,92.5,0.3333333333333333
STL_PNS,2,598.0,102.5,0.0
STL_RDU,13,667.0,110.0,0.15384615384615385
STL_RSW,11,979.0,145.0,0.36363636363636365
STL_SAN,8,1557.0,227.5,0.125
STL_SAT,2,786.0,137.5,0.5
STL_SAV,1,689.0,115.0,1.0
STL_SEA,11,1709.0,265.0,0.18181818181818182
STL_SFO,1,1735.0,260.0,0.0
STL_SJC,1,1715.0,245.0,0.0
STL_SJU,1,2024.0,270.0,1.0
STL_SLC,29,1156.0,193.0,0.20689655172413793
STL_SMF,6,1679.0,252.5,0.0
STL_SNA,1,1569.0,245.0,0.0
STL_SRQ,1,903.0,140.0,0.0
STL_TPA,8,869.0,135.0,0.25
STL_TUL,6,351.0,80.0,0.3333333333333333
STL_VPS,2,610.0,102.5,0.0
STS_BUR,2,387.0,80.0,0.0
STS_DEN,1,977.0,163.0,0.0
STS_DFW,3,1495.0,211.0,0.6666666666666666
STS_LAX,6,400.0,96.5,0.0
STS_PDX,5,489.0,98.0,0.2
STS_PHX,8,699.0,122.0,0.5
STS_SAN,7,508.0,90.0,0.0
STS_SEA,7,618.0,117.0,0.2857142857142857
STS_SFO,3,66.0,51.0,0.6666666666666666
STS_SNA,3,433.0,90.0,0.0
STT_ATL,9,1599.0,242.0,0.1111111111111111
STT_CLT,8,1520.0,242.0,0.0
STT_DFW,1,2225.0,337.0,0.0
STT_EWR,7,1634.0,260.0,0.0
STT_FLL,5,1107.0,176.0,0.4
STT_IAD,4,1606.0,247.0,0.0
STT_IAH,2,2070.0,296.5,0.0
STT_JFK,2,1623.0,254.0,0.5
STT_MCO,1,1246.0,208.0,0.0
STT_MIA,13,1107.0,182.0,0.0
STT_ORD,1,2116.0,325.0,0.0
STT_SJU,7,68.0,39.0,0.42857142857142855
STX_FLL,3,1140.0,180.0,0.0
STX_MIA,13,1139.0,187.0,0.07692307692307693
SUN_DEN,6,557.0,111.5,0.0
SUN_LAX,2,696.0,146.0,0.5
SUN_ORD,1,1341.0,210.0,0.0
SUN_SEA,2,475.0,116.5,0.0
SUN_SFO,2,587.0,136.0,0.0
SUN_SLC,13,222.0,66.0,0.0
SUX_DEN,2,466.0,116.5,0.0
SUX_DFW,2,657.0,127.0,0.0
SUX_ORD,8,436.0,97.0,0.125
SWF_DTW,2,479.0,114.5,0.0
SWF_FLL,1,1118.0,189.0,0.0
SWF_MCO,5,989.0,187.0,0.4
SWF_MYR,1,601.0,123.0,1.0
SWF_SFB,2,965.0,169.0,0.0
SWF_TPA,1,1047.0,188.0,0.0
SWO_DFW,11,225.0,70.0,0.2727272727272727
SYR_ATL,10,794.0,142.5,0.2
SYR_BNA,2,741.0,130.0,0.5
SYR_BOS,4,265.0,64.5,0.25
SYR_BWI,5,273.0,75.0,0.4
SYR_CLT,13,603.0,142.0,0.46153846153846156
SYR_DCA,8,298.0,88.0,0.125
SYR_DEN,5,1492.0,251.0,0.2
SYR_DFW,3,1336.0,220.0,0.0
SYR_DTW,13,374.0,95.0,0.0
SYR_EWR,10,195.0,85.0,0.2
SYR_FLL,1,1197.0,192.0,1.0
SYR_IAD,3,296.0,75.0,0.6666666666666666
SYR_JFK,26,209.0,81.5,0.15384615384615385
SYR_LGA,12,198.0,75.5,0.08333333333333333
SYR_MCO,8,1053.0,176.0,0.125
SYR_MSP,1,860.0,142.0,0.0
SYR_MYR,2,668.0,109.5,0.0
SYR_ORD,24,607.0,135.5,0.20833333333333334
SYR_PHL,7,228.0,74.0,0.0
SYR_PIE,5,1111.0,167.0,0.0
SYR_SFB,4,1029.0,161.5,0.0
SYR_TPA,3,1104.0,189.0,0.0
TBN_DEC,1,228.0,84.0,0.0
TBN_ORD,2,369.0,101.0,0.0
TLH_ATL,38,223.0,72.0,0.13157894736842105
TLH_CLT,17,386.0,97.0,0.35294117647058826
TLH_DCA,8,716.0,124.0,0.125
TLH_DFW,7,767.0,147.0,0.0
TLH_IAH,1,658.0,126.0,1.0
TLH_MIA,13,402.0,83.0,0.0
TOL_CLT,1,466.0,113.0,0.0
TOL_ORD,6,213.0,73.5,0.5
TOL_PGD,1,1016.0,160.0,0.0
TOL_PIE,1,945.0,152.0,0.0
TOL_SFB,4,895.0,136.5,0.5
TPA_ACY,12,913.0,140.5,0.08333333333333333
TPA_ALB,5,1130.0,165.0,0.0
TPA_ATL,96,406.0,95.0,0.09375
TPA_AUS,13,928.0,160.0,0.07692307692307693
TPA_BDL,16,1111.0,162.5,0.0625
TPA_BHM,8,459.0,90.0,0.0
TPA_BNA,21,612.0,112.0,0.047619047619047616
TPA_BOS,34,1185.0,183.5,0.2647058823529412
TPA_BUF,11,1053.0,160.0,0.18181818181818182
TPA_BWI,42,842.0,135.0,0.23809523809523808
TPA_CLE,15,927.0,153.0,0.3333333333333333
TPA_CLT,40,507.0,106.0,0.275
TPA_CMH,20,829.0,135.0,0.1
TPA_CVG,6,773.0,132.5,0.5
TPA_DAL,21,917.0,150.0,0.14285714285714285
TPA_DCA,18,814.0,139.0,0.4444444444444444
TPA_DEN,35,1506.0,238.0,0.22857142857142856
TPA_DFW,38,929.0,173.0,0.18421052631578946
TPA_DTW,32,983.0,161.0,0.0625
TPA_EWR,46,997.0,164.5,0.13043478260869565
TPA_EYW,2,240.0,62.0,0.0
TPA_FLL,21,197.0,65.0,0.047619047619047616
TPA_GRR,1,1041.0,171.0,0.0
TPA_HOU,12,781.0,137.5,0.3333333333333333
TPA_HPN,7,1032.0,165.0,0.2857142857142857
TPA_IAD,19,811.0,132.0,0.15789473684210525
TPA_IAH,21,787.0,148.0,0.14285714285714285
TPA_IND,22,837.0,138.5,0.22727272727272727
TPA_ISP,8,1034.0,162.5,0.375
TPA_JFK,22,1005.0,164.0,0.2727272727272727
TPA_LAS,11,1984.0,292.0,0.2727272727272727
TPA_LAX,10,2158.0,326.5,0.0
TPA_LBE,1,866.0,141.0,0.0
TPA_LGA,34,1010.0,162.0,0.20588235294117646
TPA_MCI,6,1048.0,162.5,0.16666666666666666
TPA_MDW,29,997.0,160.0,0.27586206896551724
TPA_MEM,1,655.0,115.0,0.0
TPA_MHT,6,1204.0,175.0,0.16666666666666666
TPA_MIA,33,204.0,69.0,0.18181818181818182
TPA_MKE,14,1075.0,170.0,0.21428571428571427
TPA_MSP,14,1306.0,204.5,0.07142857142857142
TPA_MSY,16,488.0,100.0,0.1875
TPA_OMA,1,1190.0,175.0,0.0
TPA_ORD,37,1011.0,177.0,0.13513513513513514
TPA_PDX,1,2497.0,365.0,1.0
TPA_PHL,35,920.0,152.0,0.17142857142857143
TPA_PHX,10,1788.0,277.5,0.3
TPA_PIT,15,873.0,140.0,0.13333333333333333
TPA_PVD,6,1136.0,165.0,0.16666666666666666
TPA_PWM,1,1277.0,187.0,0.0
TPA_RDU,18,587.0,107.5,0.16666666666666666
TPA_ROC,2,1079.0,160.0,0.0
TPA_SAN,2,2087.0,300.0,0.0
TPA_SAT,2,972.0,160.0,0.0
TPA_SDF,2,727.0,126.5,0.5
TPA_SEA,13,2520.0,382.0,0.23076923076923078
TPA_SFO,8,2393.0,338.5,0.25
TPA_SJU,18,1237.0,171.5,0.16666666666666666
TPA_SLC,7,1888.0,290.0,0.0
TPA_STL,21,869.0,145.0,0.14285714285714285
TPA_SWF,1,1047.0,181.0,1.0
TPA_TTN,7,955.0,160.0,0.0
TRI_ATL,35,227.0,73.0,0.11428571428571428
TRI_CLT,5,119.0,71.0,0.4
TRI_DFW,6,868.0,158.0,0.16666666666666666
TRI_SFB,4,535.0,90.0,0.25
TTN_ATL,2,701.0,141.5,0.0
TTN_CLT,1,484.0,122.0,0.0
TTN_FLL,4,1026.0,178.0,0.0
TTN_MCO,9,896.0,161.0,0.4444444444444444
TTN_ORD,1,692.0,150.0,0.0
TTN_PBI,2,985.0,179.0,0.0
TTN_RSW,1,1028.0,173.0,0.0
TTN_TPA,3,955.0,168.0,0.3333333333333333
TUL_ATL,25,674.0,117.0,0.24
TUL_AUS,1,426.0,85.0,0.0
TUL_CLT,8,842.0,147.0,0.25
TUL_DAL,23,238.0,65.0,0.043478260869565216
TUL_DCA,2,1049.0,165.5,0.0
TUL_DEN,24,541.0,110.0,0.25
TUL_DFW,42,237.0,80.0,0.21428571428571427
TUL_HOU,11,453.0,95.0,0.18181818181818182
TUL_IAH,18,429.0,102.0,0.16666666666666666
TUL_LAS,7,1076.0,175.0,0.42857142857142855
TUL_LAX,3,1283.0,205.0,0.0
TUL_LGA,2,1231.0,191.5,0.0
TUL_MDW,5,583.0,100.0,0.0
TUL_MSP,5,615.0,130.0,0.0
TUL_ORD,18,585.0,120.5,0.3888888888888889
TUL_PHX,8,935.0,160.5,0.125
TUL_SFB,1,995.0,140.0,0.0
TUL_SLC,15,926.0,167.0,0.06666666666666667
TUL_SRQ,1,990.0,142.0,0.0
TUL_STL,10,351.0,75.0,0.1
TUL_VPS,1,669.0,114.0,0.0
TUS_ATL,7,1541.0,213.0,0.0
TUS_DEN,30,639.0,115.5,0.16666666666666666
TUS_DFW,39,813.0,133.0,0.10256410256410256
TUS_HOU,4,945.0,142.5,0.0
TUS_IAH,10,936.0,152.0,0.1
TUS_LAS,22,365.0,80.0,0.22727272727272727
TUS_LAX,32,451.0,100.5,0.125
TUS_MDW,3,1440.0,195.0,0.0
TUS_MSP,1,1298.0,197.0,0.0
TUS_OAK,1,747.0,145.0,0.0
TUS_ORD,7,1437.0,207.0,0.0
TUS_PAE,1,1241.0,203.0,0.0
TUS_PDX,3,1119.0,191.0,0.0
TUS_PHX,36,110.0,54.0,0.1111111111111111
TUS_SAN,3,368.0,75.0,0.6666666666666666
TUS_SEA,11,1216.0,202.0,0.0
TUS_SFO,12,751.0,143.5,0.16666666666666666
TUS_SJC,2,721.5,142.5,0.0
TUS_SLC,13,601.0,114.0,0.07692307692307693
TVC_DEN,2,1032.0,171.5,0.0
TVC_DFW,2,1022.0,171.0,1.0
TVC_DTW,26,207.0,70.0,0.19230769230769232
TVC_EWR,1,644.0,140.0,0.0
TVC_LGA,3,655.0,122.0,0.0
TVC_MSP,4,376.0,87.0,0.25
TVC_ORD,15,224.0,78.0,0.3333333333333333
TVC_PHL,1,627.0,123.0,0.0
TVC_PIE,1,1172.0,178.0,1.0
TWF_SLC,9,175.0,54.0,0.0
TXK_DFW,11,181.0,67.0,0.2727272727272727
TYR_DEN,1,732.0,149.0,0.0
TYR_DFW,22,102.0,57.0,0.0
TYS_ATL,49,152.0,64.0,0.08163265306122448
TYS_AUS,2,882.0,140.5,0.5
TYS_BOS,3,830.0,134.0,0.0
TYS_BWI,1,465.0,93.0,0.0
TYS_CLT,29,177.0,77.0,0.06896551724137931
TYS_DCA,11,437.0,95.0,0.09090909090909091
TYS_DEN,19,1162.0,203.0,0.15789473684210525
TYS_DFW,21,771.0,149.0,0.23809523809523808
TYS_DTW,17,443.0,103.0,0.058823529411764705
TYS_EWR,3,631.0,120.0,0.3333333333333333
TYS_FLL,10,708.0,121.0,0.2
TYS_IAD,1,420.0,89.0,0.0
TYS_IAH,10,771.0,153.0,0.2
TYS_LAS,1,1739.0,263.0,1.0
TYS_LGA,16,648.0,122.0,0.1875
TYS_MCO,1,532.0,107.0,0.0
TYS_MIA,4,724.0,125.0,0.25
TYS_MSP,2,792.0,153.0,0.0
TYS_ORD,17,475.0,117.0,0.11764705882352941
TYS_PGD,2,624.0,106.0,1.0
TYS_PHL,6,554.0,109.0,0.0
TYS_PIE,7,550.0,97.0,0.0
TYS_SFB,10,511.0,92.0,0.4
TYS_SRQ,1,586.0,99.0,0.0
TYS_VPS,3,395.0,81.0,0.0
UIN_ORD,1,222.0,76.0,1.0
USA_FLL,7,643.0,114.0,0.14285714285714285
USA_MSY,1,669.0,129.0,0.0
USA_PGD,2,588.0,105.5,0.0
USA_PIE,6,528.0,96.5,0.5
USA_SFB,8,457.0,87.0,0.5
USA_VPS,2,478.0,89.0,0.0
VCT_IAH,5,123.0,62.0,0.2
VEL_DEN,10,259.0,75.5,0.2
VLD_ATL,16,208.0,72.0,0.125
VPS_ATL,26,250.0,75.5,0.15384615384615385
VPS_AUS,1,666.0,117.0,1.0
VPS_BLV,7,587.0,103.0,0.2857142857142857
VPS_BNA,9,389.0,87.0,0.2222222222222222
VPS_BWI,1,819.0,130.0,1.0
VPS_CLE,1,797.0,127.0,0.0
VPS_CLT,16,460.0,104.0,0.1875
VPS_CVG,8,600.0,107.0,0.125
VPS_DAL,1,630.0,110.0,0.0
VPS_DAY,1,662.0,109.0,1.0
VPS_DCA,1,789.0,138.0,1.0
VPS_DFW,24,641.0,138.0,0.20833333333333334
VPS_EWR,4,988.0,152.5,0.0
VPS_GRR,1,857.0,142.0,0.0
VPS_IAH,8,528.0,121.0,0.125
VPS_ICT,1,796.0,128.0,0.0
VPS_LAS,2,1695.0,254.5,0.0
VPS_LCK,1,675.0,115.0,0.0
VPS_MDW,2,782.0,127.5,0.0
VPS_MSP,1,1058.0,178.0,0.0
VPS_OKC,1,726.0,122.0,0.0
VPS_ORD,1,796.0,152.0,0.0
VPS_STL,1,610.0,110.0,0.0
VPS_USA,1,478.0,87.0,1.0
VPS_XNA,2,601.0,106.0,0.5
WRG_KTN,7,82.0,33.0,0.0
WRG_PSG,6,31.0,22.5,0.0
WYS_DEN,1,469.0,104.0,0.0
WYS_SLC,3,273.0,73.0,0.0
XNA_ATL,34,589.0,107.0,0.11764705882352941
XNA_AUS,1,462.0,88.0,0.0
XNA_AZA,2,1006.0,173.0,0.0
XNA_BNA,1,426.0,79.0,0.0
XNA_CLT,21,754.0,135.0,0.3333333333333333
XNA_DCA,1,963.0,149.0,0.0
XNA_DEN,4,616.0,128.0,0.0
XNA_DFW,40,280.0,81.0,0.225
XNA_EWR,1,1131.0,181.0,0.0
XNA_IAH,9,438.0,106.0,0.0
XNA_LAS,2,1163.0,179.5,0.5
XNA_LAX,2,1371.0,223.5,0.0
XNA_LGA,9,1147.0,181.0,0.0
XNA_MSP,7,596.0,119.0,0.0
XNA_ORD,26,522.0,114.5,0.11538461538461539
XNA_PGD,1,970.0,147.0,1.0
XNA_PHL,1,1066.0,164.0,1.0
XNA_SFB,2,920.0,132.0,0.0
XNA_SFO,1,1550.0,264.0,0.0
XNA_VPS,2,601.0,99.5,0.0
XWA_DEN,8,582.0,126.0,0.375
XWA_MSP,5,553.0,107.0,0.0
YAK_CDV,14,213.0,50.0,0.14285714285714285
YAK_JNU,4,198.0,45.0,0.0
YKM_SEA,6,103.0,44.0,0.0
YUM_DFW,6,1022.0,166.0,0.3333333333333333
YUM_PHX,32,160.0,58.5,0.125
